run_date,run_id,signal_name,signal_category,market,normalized_signal_key,source_count_today,article_count_today,article_count_7d,article_count_30d,source_count_7d,source_count_30d,first_seen_date,last_seen_date,days_observed_7d,days_observed_30d,persistence_score,momentum_score,freshness_score,diversity_score,memory_status,memory_reason
2026-06-02,20260602-040308-43dadaf3,Development Strategy,gp_activity,Other / Unknown,gp_activity_development_strategy_other_unknown,1,1,9,9,3,3,2026-05-27,2026-06-02,7,7,100,65,100,75,Persistent Signal,최근 30일 중 7일 관찰되었습니다. 다만 기사 기반 반복 관찰이므로 직접 투자 결론은 아닙니다.
2026-06-02,20260602-040308-43dadaf3,Development Strategy,gp_activity,National,gp_activity_development_strategy_national,2,3,15,15,2,2,2026-05-27,2026-06-02,7,7,100,65,100,50,Persistent Signal,최근 30일 중 7일 관찰되었습니다. 다만 기사 기반 반복 관찰이므로 직접 투자 결론은 아닙니다.
2026-06-02,20260602-040308-43dadaf3,delivery,development_pipeline,Other / Unknown,development_pipeline_delivery_other_unknown,1,2,18,18,3,3,2026-05-27,2026-06-02,7,7,100,65,100,75,Persistent Signal,최근 30일 중 7일 관찰되었습니다. 다만 기사 기반 반복 관찰이므로 직접 투자 결론은 아닙니다.
2026-06-02,20260602-040308-43dadaf3,effective_rent_growth,supply_demand,National,supply_demand_effective_rent_growth_national,4,5,27,27,5,5,2026-05-27,2026-06-02,7,7,100,65,100,100,Persistent Signal,최근 30일 중 7일 관찰되었습니다. 다만 기사 기반 반복 관찰이므로 직접 투자 결론은 아닙니다.
2026-06-02,20260602-040308-43dadaf3,effective_rent_growth,supply_demand,Other / Unknown,supply_demand_effective_rent_growth_other_unknown,3,6,38,38,3,3,2026-05-27,2026-06-02,7,7,100,65,100,75,Persistent Signal,최근 30일 중 7일 관찰되었습니다. 다만 기사 기반 반복 관찰이므로 직접 투자 결론은 아닙니다.
2026-06-02,20260602-040308-43dadaf3,joint_venture,institutional_capital,New York,institutional_capital_joint_venture_new_york,1,1,8,8,2,2,2026-05-27,2026-06-02,7,7,100,65,100,50,Persistent Signal,최근 30일 중 7일 관찰되었습니다. 다만 기사 기반 반복 관찰이므로 직접 투자 결론은 아닙니다.
2026-06-02,20260602-040308-43dadaf3,lender_activity,institutional_capital,Other / Unknown,institutional_capital_lender_activity_other_unknown,2,2,17,17,4,4,2026-05-27,2026-06-02,7,7,100,65,100,100,Persistent Signal,최근 30일 중 7일 관찰되었습니다. 다만 기사 기반 반복 관찰이므로 직접 투자 결론은 아닙니다.
2026-06-02,20260602-040308-43dadaf3,recapitalization,capital_markets,California,capital_markets_recapitalization_california,2,2,9,9,3,3,2026-05-27,2026-06-02,7,7,100,65,100,75,Persistent Signal,최근 30일 중 7일 관찰되었습니다. 다만 기사 기반 반복 관찰이므로 직접 투자 결론은 아닙니다.
2026-06-02,20260602-040308-43dadaf3,supply_pressure,supply_demand,Other / Unknown,supply_demand_supply_pressure_other_unknown,1,2,14,14,1,1,2026-05-27,2026-06-02,7,7,100,65,100,25,Persistent Signal,최근 30일 중 7일 관찰되었습니다. 다만 기사 기반 반복 관찰이므로 직접 투자 결론은 아닙니다.
2026-06-02,20260602-040308-43dadaf3,construction_financing,capital_markets,California,capital_markets_construction_financing_california,1,1,7,7,1,1,2026-05-27,2026-06-02,7,7,98,65,100,25,Persistent Signal,최근 30일 중 7일 관찰되었습니다. 다만 기사 기반 반복 관찰이므로 직접 투자 결론은 아닙니다.
2026-06-02,20260602-040308-43dadaf3,lender_activity,capital_markets,California,capital_markets_lender_activity_california,1,1,7,7,1,1,2026-05-27,2026-06-02,7,7,98,65,100,25,Persistent Signal,최근 30일 중 7일 관찰되었습니다. 다만 기사 기반 반복 관찰이므로 직접 투자 결론은 아닙니다.
2026-06-02,20260602-040308-43dadaf3,lender_activity,institutional_capital,New York,institutional_capital_lender_activity_new_york,1,1,7,7,1,1,2026-05-27,2026-06-02,7,7,98,65,100,25,Persistent Signal,최근 30일 중 7일 관찰되었습니다. 다만 기사 기반 반복 관찰이므로 직접 투자 결론은 아닙니다.
2026-06-02,20260602-040308-43dadaf3,permit,development_pipeline,Other / Unknown,development_pipeline_permit_other_unknown,1,1,7,7,1,1,2026-05-27,2026-06-02,7,7,98,65,100,25,Persistent Signal,최근 30일 중 7일 관찰되었습니다. 다만 기사 기반 반복 관찰이므로 직접 투자 결론은 아닙니다.
2026-06-02,20260602-040308-43dadaf3,disposition,transaction_market,Sun Belt,transaction_market_disposition_sun_belt,0,0,17,17,3,3,2026-05-27,2026-05-31,5,5,94,65,72,75,Persistent Signal,최근 30일 중 5일 관찰되었습니다. 다만 기사 기반 반복 관찰이므로 직접 투자 결론은 아닙니다.
2026-06-02,20260602-040308-43dadaf3,acquisition,transaction_market,Other / Unknown,transaction_market_acquisition_other_unknown,1,1,8,8,2,2,2026-05-27,2026-06-02,6,6,88,65,100,50,Persistent Signal,최근 30일 중 6일 관찰되었습니다. 다만 기사 기반 반복 관찰이므로 직접 투자 결론은 아닙니다.
2026-06-02,20260602-040308-43dadaf3,refinancing,capital_markets,New York,capital_markets_refinancing_new_york,1,1,7,7,3,3,2026-05-27,2026-06-02,6,6,86,65,100,75,Persistent Signal,최근 30일 중 6일 관찰되었습니다. 다만 기사 기반 반복 관찰이므로 직접 투자 결론은 아닙니다.
2026-06-02,20260602-040308-43dadaf3,density_bonus,development_pipeline,California,development_pipeline_density_bonus_california,1,1,6,6,1,1,2026-05-28,2026-06-02,6,6,84,65,100,25,Persistent Signal,최근 30일 중 6일 관찰되었습니다. 다만 기사 기반 반복 관찰이므로 직접 투자 결론은 아닙니다.
2026-06-02,20260602-040308-43dadaf3,disposition,transaction_market,California,transaction_market_disposition_california,1,1,6,6,2,2,2026-05-27,2026-06-02,6,6,84,65,100,50,Persistent Signal,최근 30일 중 6일 관찰되었습니다. 다만 기사 기반 반복 관찰이므로 직접 투자 결론은 아닙니다.
2026-06-02,20260602-040308-43dadaf3,planning_commission,development_pipeline,Los Angeles,development_pipeline_planning_commission_los_angeles,0,0,10,10,1,1,2026-05-27,2026-05-31,5,5,80,65,72,25,Persistent Signal,최근 30일 중 5일 관찰되었습니다. 다만 기사 기반 반복 관찰이므로 직접 투자 결론은 아닙니다.
2026-06-02,20260602-040308-43dadaf3,acquisition,transaction_market,Sun Belt,transaction_market_acquisition_sun_belt,0,0,9,9,4,4,2026-05-27,2026-05-31,5,5,78,65,72,100,Persistent Signal,최근 30일 중 5일 관찰되었습니다. 다만 기사 기반 반복 관찰이므로 직접 투자 결론은 아닙니다.
2026-06-02,20260602-040308-43dadaf3,effective_rent_growth,supply_demand,Sun Belt,supply_demand_effective_rent_growth_sun_belt,0,0,9,9,2,2,2026-05-27,2026-05-31,5,5,78,65,72,50,Persistent Signal,최근 30일 중 5일 관찰되었습니다. 다만 기사 기반 반복 관찰이므로 직접 투자 결론은 아닙니다.
2026-06-02,20260602-040308-43dadaf3,joint_venture,institutional_capital,California,institutional_capital_joint_venture_california,0,0,9,9,3,3,2026-05-27,2026-05-31,5,5,78,65,72,75,Persistent Signal,최근 30일 중 5일 관찰되었습니다. 다만 기사 기반 반복 관찰이므로 직접 투자 결론은 아닙니다.
2026-06-02,20260602-040308-43dadaf3,redevelopment,development_pipeline,Sun Belt,development_pipeline_redevelopment_sun_belt,0,0,9,9,4,4,2026-05-27,2026-05-31,5,5,78,65,72,100,Persistent Signal,최근 30일 중 5일 관찰되었습니다. 다만 기사 기반 반복 관찰이므로 직접 투자 결론은 아닙니다.
2026-06-02,20260602-040308-43dadaf3,joint_venture,institutional_capital,Los Angeles,institutional_capital_joint_venture_los_angeles,0,0,7,7,4,4,2026-05-27,2026-05-31,5,5,74,65,72,100,Persistent Signal,최근 30일 중 5일 관찰되었습니다. 다만 기사 기반 반복 관찰이므로 직접 투자 결론은 아닙니다.
2026-06-02,20260602-040308-43dadaf3,joint_venture,institutional_capital,Other / Unknown,institutional_capital_joint_venture_other_unknown,0,0,7,7,2,2,2026-05-27,2026-05-31,5,5,74,65,72,50,Persistent Signal,최근 30일 중 5일 관찰되었습니다. 다만 기사 기반 반복 관찰이므로 직접 투자 결론은 아닙니다.
2026-06-02,20260602-040308-43dadaf3,refinancing,capital_markets,Sun Belt,capital_markets_refinancing_sun_belt,0,0,7,7,3,3,2026-05-27,2026-05-31,5,5,74,65,72,75,Persistent Signal,최근 30일 중 5일 관찰되었습니다. 다만 기사 기반 반복 관찰이므로 직접 투자 결론은 아닙니다.
2026-06-02,20260602-040308-43dadaf3,acquisition,development_pipeline,Sun Belt,development_pipeline_acquisition_sun_belt,0,0,6,6,2,2,2026-05-27,2026-05-31,5,5,72,65,72,50,Persistent Signal,최근 30일 중 5일 관찰되었습니다. 다만 기사 기반 반복 관찰이므로 직접 투자 결론은 아닙니다.
2026-06-02,20260602-040308-43dadaf3,construction_financing,capital_markets,Sun Belt,capital_markets_construction_financing_sun_belt,0,0,6,6,2,2,2026-05-27,2026-05-31,5,5,72,65,72,50,Persistent Signal,최근 30일 중 5일 관찰되었습니다. 다만 기사 기반 반복 관찰이므로 직접 투자 결론은 아닙니다.
2026-06-02,20260602-040308-43dadaf3,construction_financing,capital_markets,New York,capital_markets_construction_financing_new_york,0,0,6,6,1,1,2026-05-27,2026-05-31,5,5,72,65,72,25,Persistent Signal,최근 30일 중 5일 관찰되었습니다. 다만 기사 기반 반복 관찰이므로 직접 투자 결론은 아닙니다.
2026-06-02,20260602-040308-43dadaf3,bridge_loan,capital_markets,Florida,capital_markets_bridge_loan_florida,0,0,5,5,1,1,2026-05-27,2026-05-31,5,5,70,65,72,25,Persistent Signal,최근 30일 중 5일 관찰되었습니다. 다만 기사 기반 반복 관찰이므로 직접 투자 결론은 아닙니다.
2026-06-02,20260602-040308-43dadaf3,construction_financing,capital_markets,Los Angeles,capital_markets_construction_financing_los_angeles,0,0,5,5,1,1,2026-05-27,2026-05-31,5,5,70,65,72,25,Persistent Signal,최근 30일 중 5일 관찰되었습니다. 다만 기사 기반 반복 관찰이므로 직접 투자 결론은 아닙니다.
2026-06-02,20260602-040308-43dadaf3,delivery,development_pipeline,Sun Belt,development_pipeline_delivery_sun_belt,1,1,5,5,2,2,2026-05-29,2026-06-02,5,5,70,65,100,50,Persistent Signal,최근 30일 중 5일 관찰되었습니다. 다만 기사 기반 반복 관찰이므로 직접 투자 결론은 아닙니다.
2026-06-02,20260602-040308-43dadaf3,permit,development_pipeline,Sun Belt,development_pipeline_permit_sun_belt,0,0,5,5,1,1,2026-05-27,2026-05-31,5,5,70,65,72,25,Persistent Signal,최근 30일 중 5일 관찰되었습니다. 다만 기사 기반 반복 관찰이므로 직접 투자 결론은 아닙니다.
2026-06-02,20260602-040308-43dadaf3,supply_pressure,supply_demand,Sun Belt,supply_demand_supply_pressure_sun_belt,0,0,5,5,2,2,2026-05-27,2026-05-31,5,5,70,65,72,50,Persistent Signal,최근 30일 중 5일 관찰되었습니다. 다만 기사 기반 반복 관찰이므로 직접 투자 결론은 아닙니다.
2026-06-02,20260602-040308-43dadaf3,Developer Strategy,gp_activity,Sun Belt,gp_activity_developer_strategy_sun_belt,0,0,8,8,3,3,2026-05-28,2026-05-31,4,4,64,65,72,75,Strengthening Signal,최근 7일 기사 수가 이전 7일 대비 증가했습니다. 총 8건이 최근 7일에 관찰되었습니다.
2026-06-02,20260602-040308-43dadaf3,acquisition,transaction_market,California,transaction_market_acquisition_california,1,1,7,7,4,4,2026-05-27,2026-06-02,4,4,62,65,100,100,Strengthening Signal,최근 7일 기사 수가 이전 7일 대비 증가했습니다. 총 7건이 최근 7일에 관찰되었습니다.
2026-06-02,20260602-040308-43dadaf3,joint_venture,institutional_capital,National,institutional_capital_joint_venture_national,0,0,5,5,2,2,2026-05-27,2026-05-31,4,4,58,65,72,50,Strengthening Signal,최근 7일 기사 수가 이전 7일 대비 증가했습니다. 총 5건이 최근 7일에 관찰되었습니다.
2026-06-02,20260602-040308-43dadaf3,refinancing,capital_markets,National,capital_markets_refinancing_national,0,0,5,5,2,2,2026-05-27,2026-05-30,4,4,58,65,58,50,Strengthening Signal,최근 7일 기사 수가 이전 7일 대비 증가했습니다. 총 5건이 최근 7일에 관찰되었습니다.
2026-06-02,20260602-040308-43dadaf3,Development Strategy,gp_activity,Los Angeles,gp_activity_development_strategy_los_angeles,0,0,4,4,2,2,2026-05-28,2026-05-31,4,4,56,65,72,50,Strengthening Signal,최근 7일 기사 수가 이전 7일 대비 증가했습니다. 총 4건이 최근 7일에 관찰되었습니다.
2026-06-02,20260602-040308-43dadaf3,Development Strategy,gp_activity,Florida,gp_activity_development_strategy_florida,0,0,4,4,2,2,2026-05-28,2026-05-31,4,4,56,65,72,50,Strengthening Signal,최근 7일 기사 수가 이전 7일 대비 증가했습니다. 총 4건이 최근 7일에 관찰되었습니다.
2026-06-02,20260602-040308-43dadaf3,Supply & Demand,gp_activity,Sun Belt,gp_activity_supply_demand_sun_belt,0,0,4,4,2,2,2026-05-27,2026-05-31,4,4,56,65,72,50,Strengthening Signal,최근 7일 기사 수가 이전 7일 대비 증가했습니다. 총 4건이 최근 7일에 관찰되었습니다.
2026-06-02,20260602-040308-43dadaf3,density_bonus,development_pipeline,Southeast,development_pipeline_density_bonus_southeast,0,0,4,4,1,1,2026-05-27,2026-05-30,4,4,56,65,58,25,Strengthening Signal,최근 7일 기사 수가 이전 7일 대비 증가했습니다. 총 4건이 최근 7일에 관찰되었습니다.
2026-06-02,20260602-040308-43dadaf3,disposition,transaction_market,Los Angeles,transaction_market_disposition_los_angeles,0,0,4,4,2,2,2026-05-28,2026-05-31,4,4,56,65,72,50,Strengthening Signal,최근 7일 기사 수가 이전 7일 대비 증가했습니다. 총 4건이 최근 7일에 관찰되었습니다.
2026-06-02,20260602-040308-43dadaf3,supply_pressure,supply_demand,Los Angeles,supply_demand_supply_pressure_los_angeles,0,0,4,4,1,1,2026-05-28,2026-05-31,4,4,56,65,72,25,Strengthening Signal,최근 7일 기사 수가 이전 7일 대비 증가했습니다. 총 4건이 최근 7일에 관찰되었습니다.
2026-06-02,20260602-040308-43dadaf3,zoning,development_pipeline,Los Angeles,development_pipeline_zoning_los_angeles,0,0,4,4,1,1,2026-05-27,2026-05-31,4,4,56,65,72,25,Strengthening Signal,최근 7일 기사 수가 이전 7일 대비 증가했습니다. 총 4건이 최근 7일에 관찰되었습니다.
2026-06-02,20260602-040308-43dadaf3,refinancing,capital_markets,California,capital_markets_refinancing_california,0,0,6,6,5,5,2026-05-27,2026-06-01,3,3,48,65,86,100,Strengthening Signal,최근 7일 기사 수가 이전 7일 대비 증가했습니다. 총 6건이 최근 7일에 관찰되었습니다.
2026-06-02,20260602-040308-43dadaf3,disposition,transaction_market,Other / Unknown,transaction_market_disposition_other_unknown,2,2,5,5,2,2,2026-05-27,2026-06-02,3,3,46,65,100,50,Strengthening Signal,최근 7일 기사 수가 이전 7일 대비 증가했습니다. 총 5건이 최근 7일에 관찰되었습니다.
2026-06-02,20260602-040308-43dadaf3,refinancing,capital_markets,Other / Unknown,capital_markets_refinancing_other_unknown,0,0,4,4,3,3,2026-05-27,2026-05-31,3,3,44,65,72,75,Strengthening Signal,최근 7일 기사 수가 이전 7일 대비 증가했습니다. 총 4건이 최근 7일에 관찰되었습니다.
2026-06-02,20260602-040308-43dadaf3,acquisition,development_pipeline,Arizona,development_pipeline_acquisition_arizona,0,0,3,3,1,1,2026-05-29,2026-05-31,3,3,42,65,72,25,Strengthening Signal,최근 7일 기사 수가 이전 7일 대비 증가했습니다. 총 3건이 최근 7일에 관찰되었습니다.
2026-06-02,20260602-040308-43dadaf3,acquisition,development_pipeline,Florida,development_pipeline_acquisition_florida,0,0,3,3,1,1,2026-05-29,2026-05-31,3,3,42,65,72,25,Strengthening Signal,최근 7일 기사 수가 이전 7일 대비 증가했습니다. 총 3건이 최근 7일에 관찰되었습니다.
2026-06-02,20260602-040308-43dadaf3,adaptive_reuse,development_pipeline,New York,development_pipeline_adaptive_reuse_new_york,0,0,3,3,1,1,2026-05-29,2026-05-31,3,3,42,65,72,25,Strengthening Signal,최근 7일 기사 수가 이전 7일 대비 증가했습니다. 총 3건이 최근 7일에 관찰되었습니다.
2026-06-02,20260602-040308-43dadaf3,construction_start,development_pipeline,Los Angeles,development_pipeline_construction_start_los_angeles,0,0,3,3,1,1,2026-05-29,2026-05-31,3,3,42,65,72,25,Strengthening Signal,최근 7일 기사 수가 이전 7일 대비 증가했습니다. 총 3건이 최근 7일에 관찰되었습니다.
2026-06-02,20260602-040308-43dadaf3,effective_rent_growth,supply_demand,Los Angeles,supply_demand_effective_rent_growth_los_angeles,0,0,3,3,1,1,2026-05-27,2026-05-29,3,3,42,65,44,25,Strengthening Signal,최근 7일 기사 수가 이전 7일 대비 증가했습니다. 총 3건이 최근 7일에 관찰되었습니다.
2026-06-02,20260602-040308-43dadaf3,lender_activity,capital_markets,Other / Unknown,capital_markets_lender_activity_other_unknown,0,0,3,3,1,1,2026-05-29,2026-05-31,3,3,42,65,72,25,Strengthening Signal,최근 7일 기사 수가 이전 7일 대비 증가했습니다. 총 3건이 최근 7일에 관찰되었습니다.
2026-06-02,20260602-040308-43dadaf3,refinancing,capital_markets,Florida,capital_markets_refinancing_florida,0,0,3,3,1,1,2026-05-29,2026-05-31,3,3,42,65,72,25,Strengthening Signal,최근 7일 기사 수가 이전 7일 대비 증가했습니다. 총 3건이 최근 7일에 관찰되었습니다.
2026-06-02,20260602-040308-43dadaf3,zoning,development_pipeline,Other / Unknown,development_pipeline_zoning_other_unknown,0,0,3,3,1,1,2026-05-29,2026-05-31,3,3,42,65,72,25,Strengthening Signal,최근 7일 기사 수가 이전 7일 대비 증가했습니다. 총 3건이 최근 7일에 관찰되었습니다.
2026-06-02,20260602-040308-43dadaf3,disposition,transaction_market,Atlanta / Georgia,transaction_market_disposition_atlanta_georgia,1,2,4,4,1,1,2026-06-01,2026-06-02,2,2,32,65,100,25,Strengthening Signal,최근 7일 기사 수가 이전 7일 대비 증가했습니다. 총 4건이 최근 7일에 관찰되었습니다.
2026-06-02,20260602-040308-43dadaf3,entitlement,development_pipeline,Los Angeles / California,development_pipeline_entitlement_los_angeles_california,1,2,4,4,1,1,2026-06-01,2026-06-02,2,2,32,65,100,25,Strengthening Signal,최근 7일 기사 수가 이전 7일 대비 증가했습니다. 총 4건이 최근 7일에 관찰되었습니다.
2026-06-02,20260602-040308-43dadaf3,joint_venture,institutional_capital,Riverside / California,institutional_capital_joint_venture_riverside_california,2,2,4,4,2,2,2026-06-01,2026-06-02,2,2,32,65,100,50,Strengthening Signal,최근 7일 기사 수가 이전 7일 대비 증가했습니다. 총 4건이 최근 7일에 관찰되었습니다.
2026-06-02,20260602-040308-43dadaf3,disposition,transaction_market,New York,transaction_market_disposition_new_york,0,0,3,3,3,3,2026-05-27,2026-05-28,2,2,30,65,30,75,Strengthening Signal,최근 7일 기사 수가 이전 7일 대비 증가했습니다. 총 3건이 최근 7일에 관찰되었습니다.
2026-06-02,20260602-040308-43dadaf3,Developer Strategy,gp_activity,Las Vegas / Nevada,gp_activity_developer_strategy_las_vegas_nevada,1,1,2,2,1,1,2026-06-01,2026-06-02,2,2,28,65,100,25,Strengthening Signal,최근 7일 기사 수가 이전 7일 대비 증가했습니다. 총 2건이 최근 7일에 관찰되었습니다.
2026-06-02,20260602-040308-43dadaf3,Developer Strategy,gp_activity,Atlanta / Georgia,gp_activity_developer_strategy_atlanta_georgia,1,1,2,2,1,1,2026-06-01,2026-06-02,2,2,28,65,100,25,Strengthening Signal,최근 7일 기사 수가 이전 7일 대비 증가했습니다. 총 2건이 최근 7일에 관찰되었습니다.
2026-06-02,20260602-040308-43dadaf3,Development Strategy,gp_activity,Miami / Florida,gp_activity_development_strategy_miami_florida,1,1,2,2,1,1,2026-06-01,2026-06-02,2,2,28,65,100,25,Strengthening Signal,최근 7일 기사 수가 이전 7일 대비 증가했습니다. 총 2건이 최근 7일에 관찰되었습니다.
2026-06-02,20260602-040308-43dadaf3,acquisition,transaction_market,Houston / Texas,transaction_market_acquisition_houston_texas,1,1,2,2,1,1,2026-06-01,2026-06-02,2,2,28,65,100,25,Strengthening Signal,최근 7일 기사 수가 이전 7일 대비 증가했습니다. 총 2건이 최근 7일에 관찰되었습니다.
2026-06-02,20260602-040308-43dadaf3,acquisition,transaction_market,Phoenix / Arizona,transaction_market_acquisition_phoenix_arizona,1,1,2,2,1,1,2026-06-01,2026-06-02,2,2,28,65,100,25,Strengthening Signal,최근 7일 기사 수가 이전 7일 대비 증가했습니다. 총 2건이 최근 7일에 관찰되었습니다.
2026-06-02,20260602-040308-43dadaf3,acquisition,transaction_market,Atlanta / Georgia,transaction_market_acquisition_atlanta_georgia,1,1,2,2,1,1,2026-06-01,2026-06-02,2,2,28,65,100,25,Strengthening Signal,최근 7일 기사 수가 이전 7일 대비 증가했습니다. 총 2건이 최근 7일에 관찰되었습니다.
2026-06-02,20260602-040308-43dadaf3,acquisition,development_pipeline,Miami / Florida,development_pipeline_acquisition_miami_florida,1,1,2,2,1,1,2026-06-01,2026-06-02,2,2,28,65,100,25,Strengthening Signal,최근 7일 기사 수가 이전 7일 대비 증가했습니다. 총 2건이 최근 7일에 관찰되었습니다.
2026-06-02,20260602-040308-43dadaf3,adaptive_reuse,development_pipeline,Los Angeles / California,development_pipeline_adaptive_reuse_los_angeles_california,1,1,2,2,1,1,2026-06-01,2026-06-02,2,2,28,65,100,25,Strengthening Signal,최근 7일 기사 수가 이전 7일 대비 증가했습니다. 총 2건이 최근 7일에 관찰되었습니다.
2026-06-02,20260602-040308-43dadaf3,bridge_loan,capital_markets,Miami / Florida,capital_markets_bridge_loan_miami_florida,1,1,2,2,1,1,2026-06-01,2026-06-02,2,2,28,65,100,25,Strengthening Signal,최근 7일 기사 수가 이전 7일 대비 증가했습니다. 총 2건이 최근 7일에 관찰되었습니다.
2026-06-02,20260602-040308-43dadaf3,construction_financing,capital_markets,Miami / Florida,capital_markets_construction_financing_miami_florida,1,1,2,2,1,1,2026-06-01,2026-06-02,2,2,28,65,100,25,Strengthening Signal,최근 7일 기사 수가 이전 7일 대비 증가했습니다. 총 2건이 최근 7일에 관찰되었습니다.
2026-06-02,20260602-040308-43dadaf3,construction_financing,capital_markets,Other / Unknown,capital_markets_construction_financing_other_unknown,1,1,2,2,1,1,2026-06-01,2026-06-02,2,2,28,65,100,25,Strengthening Signal,최근 7일 기사 수가 이전 7일 대비 증가했습니다. 총 2건이 최근 7일에 관찰되었습니다.
2026-06-02,20260602-040308-43dadaf3,construction_start,development_pipeline,Sun Belt,development_pipeline_construction_start_sun_belt,0,0,2,2,1,1,2026-05-30,2026-05-31,2,2,28,65,72,25,Strengthening Signal,최근 7일 기사 수가 이전 7일 대비 증가했습니다. 총 2건이 최근 7일에 관찰되었습니다.
2026-06-02,20260602-040308-43dadaf3,construction_start,development_pipeline,Other / Unknown,development_pipeline_construction_start_other_unknown,0,0,2,2,1,1,2026-05-30,2026-05-31,2,2,28,65,72,25,Strengthening Signal,최근 7일 기사 수가 이전 7일 대비 증가했습니다. 총 2건이 최근 7일에 관찰되었습니다.
2026-06-02,20260602-040308-43dadaf3,construction_start,development_pipeline,Los Angeles / California,development_pipeline_construction_start_los_angeles_california,1,1,2,2,1,1,2026-06-01,2026-06-02,2,2,28,65,100,25,Strengthening Signal,최근 7일 기사 수가 이전 7일 대비 증가했습니다. 총 2건이 최근 7일에 관찰되었습니다.
2026-06-02,20260602-040308-43dadaf3,delivery,development_pipeline,Atlanta / Georgia,development_pipeline_delivery_atlanta_georgia,1,1,2,2,1,1,2026-06-01,2026-06-02,2,2,28,65,100,25,Strengthening Signal,최근 7일 기사 수가 이전 7일 대비 증가했습니다. 총 2건이 최근 7일에 관찰되었습니다.
2026-06-02,20260602-040308-43dadaf3,density_bonus,gp_activity,Southeast,gp_activity_density_bonus_southeast,0,0,2,2,1,1,2026-05-27,2026-05-28,2,2,28,65,30,25,Strengthening Signal,최근 7일 기사 수가 이전 7일 대비 증가했습니다. 총 2건이 최근 7일에 관찰되었습니다.
2026-06-02,20260602-040308-43dadaf3,density_bonus,development_pipeline,Santa Monica / California,development_pipeline_density_bonus_santa_monica_california,1,1,2,2,1,1,2026-06-01,2026-06-02,2,2,28,65,100,25,Strengthening Signal,최근 7일 기사 수가 이전 7일 대비 증가했습니다. 총 2건이 최근 7일에 관찰되었습니다.
2026-06-02,20260602-040308-43dadaf3,disposition,transaction_market,Los Angeles / California,transaction_market_disposition_los_angeles_california,1,1,2,2,1,1,2026-06-01,2026-06-02,2,2,28,65,100,25,Strengthening Signal,최근 7일 기사 수가 이전 7일 대비 증가했습니다. 총 2건이 최근 7일에 관찰되었습니다.
2026-06-02,20260602-040308-43dadaf3,disposition,development_pipeline,Los Angeles / California,development_pipeline_disposition_los_angeles_california,1,1,2,2,1,1,2026-06-01,2026-06-02,2,2,28,65,100,25,Strengthening Signal,최근 7일 기사 수가 이전 7일 대비 증가했습니다. 총 2건이 최근 7일에 관찰되었습니다.
2026-06-02,20260602-040308-43dadaf3,effective_rent_growth,supply_demand,Phoenix / Arizona,supply_demand_effective_rent_growth_phoenix_arizona,1,1,2,2,1,1,2026-06-01,2026-06-02,2,2,28,65,100,25,Strengthening Signal,최근 7일 기사 수가 이전 7일 대비 증가했습니다. 총 2건이 최근 7일에 관찰되었습니다.
2026-06-02,20260602-040308-43dadaf3,entitlement,development_pipeline,Dallas / Texas,development_pipeline_entitlement_dallas_texas,1,1,2,2,1,1,2026-06-01,2026-06-02,2,2,28,65,100,25,Strengthening Signal,최근 7일 기사 수가 이전 7일 대비 증가했습니다. 총 2건이 최근 7일에 관찰되었습니다.
2026-06-02,20260602-040308-43dadaf3,joint_venture,institutional_capital,Santa Monica / California,institutional_capital_joint_venture_santa_monica_california,1,1,2,2,1,1,2026-06-01,2026-06-02,2,2,28,65,100,25,Strengthening Signal,최근 7일 기사 수가 이전 7일 대비 증가했습니다. 총 2건이 최근 7일에 관찰되었습니다.
2026-06-02,20260602-040308-43dadaf3,joint_venture,institutional_capital,Houston / Texas,institutional_capital_joint_venture_houston_texas,1,1,2,2,1,1,2026-06-01,2026-06-02,2,2,28,65,100,25,Strengthening Signal,최근 7일 기사 수가 이전 7일 대비 증가했습니다. 총 2건이 최근 7일에 관찰되었습니다.
2026-06-02,20260602-040308-43dadaf3,joint_venture,institutional_capital,Washington DC,institutional_capital_joint_venture_washington_dc,1,1,2,2,1,1,2026-06-01,2026-06-02,2,2,28,65,100,25,Strengthening Signal,최근 7일 기사 수가 이전 7일 대비 증가했습니다. 총 2건이 최근 7일에 관찰되었습니다.
2026-06-02,20260602-040308-43dadaf3,lender_activity,capital_markets,National,capital_markets_lender_activity_national,1,1,2,2,1,1,2026-06-01,2026-06-02,2,2,28,65,100,25,Strengthening Signal,최근 7일 기사 수가 이전 7일 대비 증가했습니다. 총 2건이 최근 7일에 관찰되었습니다.
2026-06-02,20260602-040308-43dadaf3,permanent_loan,capital_markets,New York City / New York,capital_markets_permanent_loan_new_york_city_new_york,1,1,2,2,1,1,2026-06-01,2026-06-02,2,2,28,65,100,25,Strengthening Signal,최근 7일 기사 수가 이전 7일 대비 증가했습니다. 총 2건이 최근 7일에 관찰되었습니다.
2026-06-02,20260602-040308-43dadaf3,permit,development_pipeline,San Francisco / California,development_pipeline_permit_san_francisco_california,1,1,2,2,1,1,2026-06-01,2026-06-02,2,2,28,65,100,25,Strengthening Signal,최근 7일 기사 수가 이전 7일 대비 증가했습니다. 총 2건이 최근 7일에 관찰되었습니다.
2026-06-02,20260602-040308-43dadaf3,permit,development_pipeline,Atlanta / Georgia,development_pipeline_permit_atlanta_georgia,1,1,2,2,1,1,2026-06-01,2026-06-02,2,2,28,65,100,25,Strengthening Signal,최근 7일 기사 수가 이전 7일 대비 증가했습니다. 총 2건이 최근 7일에 관찰되었습니다.
2026-06-02,20260602-040308-43dadaf3,permit,development_pipeline,Los Angeles / California,development_pipeline_permit_los_angeles_california,1,1,2,2,1,1,2026-06-01,2026-06-02,2,2,28,65,100,25,Strengthening Signal,최근 7일 기사 수가 이전 7일 대비 증가했습니다. 총 2건이 최근 7일에 관찰되었습니다.
2026-06-02,20260602-040308-43dadaf3,planning_commission,development_pipeline,Los Angeles / California,development_pipeline_planning_commission_los_angeles_california,1,1,2,2,1,1,2026-06-01,2026-06-02,2,2,28,65,100,25,Strengthening Signal,최근 7일 기사 수가 이전 7일 대비 증가했습니다. 총 2건이 최근 7일에 관찰되었습니다.
2026-06-02,20260602-040308-43dadaf3,redevelopment,development_pipeline,Atlanta / Georgia,development_pipeline_redevelopment_atlanta_georgia,1,1,2,2,1,1,2026-06-01,2026-06-02,2,2,28,65,100,25,Strengthening Signal,최근 7일 기사 수가 이전 7일 대비 증가했습니다. 총 2건이 최근 7일에 관찰되었습니다.
2026-06-02,20260602-040308-43dadaf3,redevelopment,development_pipeline,Austin / Texas,development_pipeline_redevelopment_austin_texas,1,1,2,2,1,1,2026-06-01,2026-06-02,2,2,28,65,100,25,Strengthening Signal,최근 7일 기사 수가 이전 7일 대비 증가했습니다. 총 2건이 최근 7일에 관찰되었습니다.
2026-06-02,20260602-040308-43dadaf3,refinancing,capital_markets,Washington DC,capital_markets_refinancing_washington_dc,1,1,2,2,1,1,2026-06-01,2026-06-02,2,2,28,65,100,25,Strengthening Signal,최근 7일 기사 수가 이전 7일 대비 증가했습니다. 총 2건이 최근 7일에 관찰되었습니다.
2026-06-02,20260602-040308-43dadaf3,refinancing,capital_markets,Sarasota / Florida,capital_markets_refinancing_sarasota_florida,1,1,2,2,1,1,2026-06-01,2026-06-02,2,2,28,65,100,25,Strengthening Signal,최근 7일 기사 수가 이전 7일 대비 증가했습니다. 총 2건이 최근 7일에 관찰되었습니다.
2026-06-02,20260602-040308-43dadaf3,refinancing,capital_markets,Atlanta / Georgia,capital_markets_refinancing_atlanta_georgia,1,1,2,2,1,1,2026-06-01,2026-06-02,2,2,28,65,100,25,Strengthening Signal,최근 7일 기사 수가 이전 7일 대비 증가했습니다. 총 2건이 최근 7일에 관찰되었습니다.
2026-06-02,20260602-040308-43dadaf3,refinancing,capital_markets,Miami / Florida,capital_markets_refinancing_miami_florida,1,1,2,2,1,1,2026-06-01,2026-06-02,2,2,28,65,100,25,Strengthening Signal,최근 7일 기사 수가 이전 7일 대비 증가했습니다. 총 2건이 최근 7일에 관찰되었습니다.
2026-06-02,20260602-040308-43dadaf3,stabilization,development_pipeline,Other / Unknown,development_pipeline_stabilization_other_unknown,1,1,2,2,1,1,2026-06-01,2026-06-02,2,2,28,65,100,25,Strengthening Signal,최근 7일 기사 수가 이전 7일 대비 증가했습니다. 총 2건이 최근 7일에 관찰되었습니다.
2026-06-02,20260602-040308-43dadaf3,supply_pressure,supply_demand,National,supply_demand_supply_pressure_national,0,0,2,2,1,1,2026-05-27,2026-05-28,2,2,28,65,30,25,Strengthening Signal,최근 7일 기사 수가 이전 7일 대비 증가했습니다. 총 2건이 최근 7일에 관찰되었습니다.
2026-06-02,20260602-040308-43dadaf3,supply_pressure,supply_demand,Phoenix / Arizona,supply_demand_supply_pressure_phoenix_arizona,1,1,2,2,1,1,2026-06-01,2026-06-02,2,2,28,65,100,25,Strengthening Signal,최근 7일 기사 수가 이전 7일 대비 증가했습니다. 총 2건이 최근 7일에 관찰되었습니다.
2026-06-02,20260602-040308-43dadaf3,zoning,development_pipeline,Los Angeles / California,development_pipeline_zoning_los_angeles_california,1,1,2,2,1,1,2026-06-01,2026-06-02,2,2,28,65,100,25,Strengthening Signal,최근 7일 기사 수가 이전 7일 대비 증가했습니다. 총 2건이 최근 7일에 관찰되었습니다.
2026-06-02,20260602-040308-43dadaf3,zoning,development_pipeline,San Francisco / California,development_pipeline_zoning_san_francisco_california,1,1,2,2,1,1,2026-06-01,2026-06-02,2,2,28,65,100,25,Strengthening Signal,최근 7일 기사 수가 이전 7일 대비 증가했습니다. 총 2건이 최근 7일에 관찰되었습니다.
2026-06-02,20260602-040308-43dadaf3,Deal Size Signal,Institutional Flow,Sun Belt,institutional_flow_deal_size_signal_sun_belt,0,0,0,20,0,4,2026-05-19,2026-05-26,0,8,100,10,2,100,Dormant Signal,과거에는 관찰됐지만 최근 7일에는 포착되지 않았습니다.
2026-06-02,20260602-040308-43dadaf3,Deal Size Signal,Institutional Flow,California,institutional_flow_deal_size_signal_california,0,0,0,8,0,3,2026-05-19,2026-05-26,0,8,100,10,2,75,Dormant Signal,과거에는 관찰됐지만 최근 7일에는 포착되지 않았습니다.
2026-06-02,20260602-040308-43dadaf3,Deal Size Signal,Institutional Flow,National,institutional_flow_deal_size_signal_national,0,0,0,8,0,2,2026-05-20,2026-05-26,0,7,100,10,2,50,Dormant Signal,과거에는 관찰됐지만 최근 7일에는 포착되지 않았습니다.
2026-06-02,20260602-040308-43dadaf3,Development Strategy,Developer Strategy,California,developer_strategy_development_strategy_california,0,0,0,9,0,2,2026-05-19,2026-05-26,0,7,100,10,2,50,Dormant Signal,과거에는 관찰됐지만 최근 7일에는 포착되지 않았습니다.
2026-06-02,20260602-040308-43dadaf3,Development Strategy,Supply Pressure; Developer Strategy,Other / Unknown,supply_pressure_developer_strategy_development_strategy_other_unknown,0,0,0,22,0,2,2026-05-19,2026-05-26,0,8,100,10,2,50,Dormant Signal,과거에는 관찰됐지만 최근 7일에는 포착되지 않았습니다.
2026-06-02,20260602-040308-43dadaf3,Development Strategy,Developer Strategy,Sun Belt,developer_strategy_development_strategy_sun_belt,0,0,0,36,0,7,2026-05-19,2026-05-26,0,8,100,10,2,100,Dormant Signal,과거에는 관찰됐지만 최근 7일에는 포착되지 않았습니다.
2026-06-02,20260602-040308-43dadaf3,Development Strategy,Developer Strategy,Other / Unknown,developer_strategy_development_strategy_other_unknown,0,0,0,14,0,5,2026-05-19,2026-05-26,0,8,100,10,2,100,Dormant Signal,과거에는 관찰됐지만 최근 7일에는 포착되지 않았습니다.
2026-06-02,20260602-040308-43dadaf3,Development Strategy,Regulation Risk; Developer Strategy,Other / Unknown,regulation_risk_developer_strategy_development_strategy_other_unknown,0,0,0,11,0,2,2026-05-19,2026-05-26,0,8,100,10,2,50,Dormant Signal,과거에는 관찰됐지만 최근 7일에는 포착되지 않았습니다.
2026-06-02,20260602-040308-43dadaf3,Development Strategy,Developer Strategy,National,developer_strategy_development_strategy_national,0,0,0,16,0,1,2026-05-19,2026-05-26,0,8,100,10,2,25,Dormant Signal,과거에는 관찰됐지만 최근 7일에는 포착되지 않았습니다.
2026-06-02,20260602-040308-43dadaf3,Development Strategy,Developer Strategy,Los Angeles,developer_strategy_development_strategy_los_angeles,0,0,0,13,0,3,2026-05-19,2026-05-26,0,8,100,10,2,75,Dormant Signal,과거에는 관찰됐지만 최근 7일에는 포착되지 않았습니다.
2026-06-02,20260602-040308-43dadaf3,Financing Cost Signal,Financing Risk; Developer Strategy,Florida,financing_risk_developer_strategy_financing_cost_signal_florida,0,0,0,9,0,2,2026-05-19,2026-05-26,0,8,100,10,2,50,Dormant Signal,과거에는 관찰됐지만 최근 7일에는 포착되지 않았습니다.
2026-06-02,20260602-040308-43dadaf3,Macro & Financing,Financing Risk; Rent Growth / Demand,National,financing_risk_rent_growth_demand_macro_financing_national,0,0,0,8,0,1,2026-05-19,2026-05-26,0,8,100,10,2,25,Dormant Signal,과거에는 관찰됐지만 최근 7일에는 포착되지 않았습니다.
2026-06-02,20260602-040308-43dadaf3,Macro & Financing,Financing Risk; Developer Strategy,California,financing_risk_developer_strategy_macro_financing_california,0,0,0,10,0,4,2026-05-19,2026-05-26,0,8,100,10,2,100,Dormant Signal,과거에는 관찰됐지만 최근 7일에는 포착되지 않았습니다.
2026-06-02,20260602-040308-43dadaf3,Macro & Financing,Financing Risk,Sun Belt,financing_risk_macro_financing_sun_belt,0,0,0,18,0,4,2026-05-19,2026-05-26,0,8,100,10,2,100,Dormant Signal,과거에는 관찰됐지만 최근 7일에는 포착되지 않았습니다.
2026-06-02,20260602-040308-43dadaf3,Macro & Financing,Financing Risk; Institutional Flow; Developer Strategy,California,financing_risk_institutional_flow_developer_strategy_macro_financing_california,0,0,0,9,0,2,2026-05-19,2026-05-26,0,8,100,10,2,50,Dormant Signal,과거에는 관찰됐지만 최근 7일에는 포착되지 않았습니다.
2026-06-02,20260602-040308-43dadaf3,Macro & Financing,Financing Risk; Developer Strategy,Sun Belt,financing_risk_developer_strategy_macro_financing_sun_belt,0,0,0,14,0,4,2026-05-19,2026-05-26,0,7,100,10,2,100,Dormant Signal,과거에는 관찰됐지만 최근 7일에는 포착되지 않았습니다.
2026-06-02,20260602-040308-43dadaf3,Macro & Financing,Developer Strategy,Sun Belt,developer_strategy_macro_financing_sun_belt,0,0,0,8,0,1,2026-05-19,2026-05-26,0,8,100,10,2,25,Dormant Signal,과거에는 관찰됐지만 최근 7일에는 포착되지 않았습니다.
2026-06-02,20260602-040308-43dadaf3,Macro & Financing,Financing Risk; Institutional Flow,New York,financing_risk_institutional_flow_macro_financing_new_york,0,0,0,8,0,1,2026-05-19,2026-05-26,0,8,100,10,2,25,Dormant Signal,과거에는 관찰됐지만 최근 7일에는 포착되지 않았습니다.
2026-06-02,20260602-040308-43dadaf3,Macro & Financing,Institutional Flow,Other / Unknown,institutional_flow_macro_financing_other_unknown,0,0,0,8,0,1,2026-05-19,2026-05-26,0,8,100,10,2,25,Dormant Signal,과거에는 관찰됐지만 최근 7일에는 포착되지 않았습니다.
2026-06-02,20260602-040308-43dadaf3,Macro & Financing,Financing Risk; Institutional Flow,California,financing_risk_institutional_flow_macro_financing_california,0,0,0,8,0,1,2026-05-19,2026-05-26,0,8,100,10,2,25,Dormant Signal,과거에는 관찰됐지만 최근 7일에는 포착되지 않았습니다.
2026-06-02,20260602-040308-43dadaf3,Macro & Financing,Financing Risk; Institutional Flow,Other / Unknown,financing_risk_institutional_flow_macro_financing_other_unknown,0,0,0,8,0,1,2026-05-19,2026-05-26,0,8,100,10,2,25,Dormant Signal,과거에는 관찰됐지만 최근 7일에는 포착되지 않았습니다.
2026-06-02,20260602-040308-43dadaf3,Macro & Financing,Institutional Flow,National,institutional_flow_macro_financing_national,0,0,0,8,0,3,2026-05-20,2026-05-26,0,7,100,10,2,75,Dormant Signal,과거에는 관찰됐지만 최근 7일에는 포착되지 않았습니다.
2026-06-02,20260602-040308-43dadaf3,Rent Growth Signal,Developer Strategy,Sun Belt,developer_strategy_rent_growth_signal_sun_belt,0,0,0,16,0,5,2026-05-19,2026-05-26,0,8,100,10,2,100,Dormant Signal,과거에는 관찰됐지만 최근 7일에는 포착되지 않았습니다.
2026-06-02,20260602-040308-43dadaf3,Rent Growth Signal,Financing Risk,Sun Belt,financing_risk_rent_growth_signal_sun_belt,0,0,0,8,0,1,2026-05-19,2026-05-26,0,8,100,10,2,25,Dormant Signal,과거에는 관찰됐지만 최근 7일에는 포착되지 않았습니다.
2026-06-02,20260602-040308-43dadaf3,Rent Growth Signal,Supply Pressure,Other / Unknown,supply_pressure_rent_growth_signal_other_unknown,0,0,0,25,0,1,2026-05-19,2026-05-26,0,8,100,10,2,25,Dormant Signal,과거에는 관찰됐지만 최근 7일에는 포착되지 않았습니다.
2026-06-02,20260602-040308-43dadaf3,Supply & Demand,Rent Growth / Demand; Developer Strategy,National,rent_growth_demand_developer_strategy_supply_demand_national,0,0,0,16,0,1,2026-05-19,2026-05-26,0,8,100,10,2,25,Dormant Signal,과거에는 관찰됐지만 최근 7일에는 포착되지 않았습니다.
2026-06-02,20260602-040308-43dadaf3,Supply / Starts Signal,Rent Growth / Demand,Other / Unknown,rent_growth_demand_supply_starts_signal_other_unknown,0,0,0,8,0,1,2026-05-19,2026-05-26,0,8,100,10,2,25,Dormant Signal,과거에는 관찰됐지만 최근 7일에는 포착되지 않았습니다.
2026-06-02,20260602-040308-43dadaf3,Supply / Starts Signal,Institutional Flow,New York,institutional_flow_supply_starts_signal_new_york,0,0,0,8,0,1,2026-05-19,2026-05-26,0,8,100,10,2,25,Dormant Signal,과거에는 관찰됐지만 최근 7일에는 포착되지 않았습니다.
2026-06-02,20260602-040308-43dadaf3,Vacancy Signal,Rent Growth / Demand,Other / Unknown,rent_growth_demand_vacancy_signal_other_unknown,0,0,0,8,0,1,2026-05-19,2026-05-26,0,8,100,10,2,25,Dormant Signal,과거에는 관찰됐지만 최근 7일에는 포착되지 않았습니다.
2026-06-02,20260602-040308-43dadaf3,Deal Size Signal,Institutional Flow; Developer Strategy,Sun Belt,institutional_flow_developer_strategy_deal_size_signal_sun_belt,0,0,0,7,0,2,2026-05-20,2026-05-26,0,7,98,10,2,50,Dormant Signal,과거에는 관찰됐지만 최근 7일에는 포착되지 않았습니다.
2026-06-02,20260602-040308-43dadaf3,Developer Strategy,Developer Strategy,National,developer_strategy_developer_strategy_national,0,0,0,7,0,1,2026-05-20,2026-05-26,0,7,98,10,2,25,Dormant Signal,과거에는 관찰됐지만 최근 7일에는 포착되지 않았습니다.
2026-06-02,20260602-040308-43dadaf3,Development Strategy,Developer Strategy,Southeast,developer_strategy_development_strategy_southeast,0,0,0,7,0,1,2026-05-20,2026-05-26,0,7,98,10,2,25,Dormant Signal,과거에는 관찰됐지만 최근 7일에는 포착되지 않았습니다.
2026-06-02,20260602-040308-43dadaf3,Developer Strategy,Developer Strategy,Other / Unknown,developer_strategy_developer_strategy_other_unknown,0,0,0,10,0,3,2026-05-21,2026-05-26,0,6,92,10,2,75,Dormant Signal,과거에는 관찰됐지만 최근 7일에는 포착되지 않았습니다.
2026-06-02,20260602-040308-43dadaf3,Rent Growth Signal,Developer Strategy,California,developer_strategy_rent_growth_signal_california,0,0,0,8,0,2,2026-05-21,2026-05-26,0,6,88,10,2,50,Dormant Signal,과거에는 관찰됐지만 최근 7일에는 포착되지 않았습니다.
2026-06-02,20260602-040308-43dadaf3,Development Strategy,Regulation Risk; Developer Strategy,Los Angeles,regulation_risk_developer_strategy_development_strategy_los_angeles,0,0,0,6,0,1,2026-05-21,2026-05-26,0,6,84,10,2,25,Dormant Signal,과거에는 관찰됐지만 최근 7일에는 포착되지 않았습니다.
2026-06-02,20260602-040308-43dadaf3,Development Strategy,Regulation Risk; Developer Strategy,California,regulation_risk_developer_strategy_development_strategy_california,0,0,0,6,0,1,2026-05-21,2026-05-26,0,6,84,10,2,25,Dormant Signal,과거에는 관찰됐지만 최근 7일에는 포착되지 않았습니다.
2026-06-02,20260602-040308-43dadaf3,Financing Cost Signal,Financing Risk,New York,financing_risk_financing_cost_signal_new_york,0,0,0,6,0,1,2026-05-19,2026-05-26,0,6,84,10,2,25,Dormant Signal,과거에는 관찰됐지만 최근 7일에는 포착되지 않았습니다.
2026-06-02,20260602-040308-43dadaf3,Financing Cost Signal,Financing Risk; Institutional Flow,National,financing_risk_institutional_flow_financing_cost_signal_national,0,0,0,6,0,1,2026-05-20,2026-05-25,0,6,84,10,0,25,Dormant Signal,과거에는 관찰됐지만 최근 7일에는 포착되지 않았습니다.
2026-06-02,20260602-040308-43dadaf3,Rent Growth Signal,Regulation Risk; Developer Strategy,Los Angeles,regulation_risk_developer_strategy_rent_growth_signal_los_angeles,0,0,0,6,0,1,2026-05-19,2026-05-26,0,6,84,10,2,25,Dormant Signal,과거에는 관찰됐지만 최근 7일에는 포착되지 않았습니다.
2026-06-02,20260602-040308-43dadaf3,Financing Cost Signal,Financing Risk; Institutional Flow; Developer Strategy,National,financing_risk_institutional_flow_developer_strategy_financing_cost_signal_national,0,0,0,9,0,1,2026-05-21,2026-05-25,0,5,78,10,0,25,Dormant Signal,과거에는 관찰됐지만 최근 7일에는 포착되지 않았습니다.
2026-06-02,20260602-040308-43dadaf3,Deal Size Signal,Institutional Flow,Other / Unknown,institutional_flow_deal_size_signal_other_unknown,0,0,0,6,0,3,2026-05-20,2026-05-26,0,5,72,10,2,75,Dormant Signal,과거에는 관찰됐지만 최근 7일에는 포착되지 않았습니다.
2026-06-02,20260602-040308-43dadaf3,Developer Strategy,Developer Strategy,Sun Belt,developer_strategy_developer_strategy_sun_belt,0,0,0,6,0,2,2026-05-22,2026-05-26,0,5,72,10,2,50,Dormant Signal,과거에는 관찰됐지만 최근 7일에는 포착되지 않았습니다.
2026-06-02,20260602-040308-43dadaf3,Development Strategy,Supply Pressure,National,supply_pressure_development_strategy_national,0,0,0,6,0,2,2026-05-22,2026-05-26,0,5,72,10,2,50,Dormant Signal,과거에는 관찰됐지만 최근 7일에는 포착되지 않았습니다.
2026-06-02,20260602-040308-43dadaf3,Macro & Financing,Financing Risk; Developer Strategy,Other / Unknown,financing_risk_developer_strategy_macro_financing_other_unknown,0,0,0,6,0,3,2026-05-20,2026-05-25,0,5,72,10,0,75,Dormant Signal,과거에는 관찰됐지만 최근 7일에는 포착되지 않았습니다.
2026-06-02,20260602-040308-43dadaf3,Rent Growth Signal,Financing Risk; Institutional Flow,California,financing_risk_institutional_flow_rent_growth_signal_california,0,0,0,6,0,3,2026-05-22,2026-05-26,0,5,72,10,2,75,Dormant Signal,과거에는 관찰됐지만 최근 7일에는 포착되지 않았습니다.
2026-06-02,20260602-040308-43dadaf3,Deal Size Signal,Financing Risk; Institutional Flow; Developer Strategy,New York,financing_risk_institutional_flow_developer_strategy_deal_size_signal_new_york,0,0,0,5,0,2,2026-05-19,2026-05-25,0,5,70,10,0,50,Dormant Signal,과거에는 관찰됐지만 최근 7일에는 포착되지 않았습니다.
2026-06-02,20260602-040308-43dadaf3,Macro & Financing,Financing Risk; Rent Growth / Demand,Sun Belt,financing_risk_rent_growth_demand_macro_financing_sun_belt,0,0,0,5,0,1,2026-05-21,2026-05-25,0,5,70,10,0,25,Dormant Signal,과거에는 관찰됐지만 최근 7일에는 포착되지 않았습니다.
2026-06-02,20260602-040308-43dadaf3,Supply & Demand,Developer Strategy,Other / Unknown,developer_strategy_supply_demand_other_unknown,0,0,0,5,0,2,2026-05-19,2026-05-26,0,5,70,10,2,50,Dormant Signal,과거에는 관찰됐지만 최근 7일에는 포착되지 않았습니다.
2026-06-02,20260602-040308-43dadaf3,Deal Size Signal,Financing Risk; Regulation Risk; Institutional Flow; Developer Strategy,Sun Belt,financing_risk_regulation_risk_institutional_flow_developer_strategy_deal_size_signal_sun_belt,0,0,0,4,0,1,2026-05-22,2026-05-25,0,4,56,10,0,25,Dormant Signal,과거에는 관찰됐지만 최근 7일에는 포착되지 않았습니다.
2026-06-02,20260602-040308-43dadaf3,Deal Size Signal,Financing Risk; Institutional Flow,Arizona,financing_risk_institutional_flow_deal_size_signal_arizona,0,0,0,4,0,1,2026-05-22,2026-05-25,0,4,56,10,0,25,Dormant Signal,과거에는 관찰됐지만 최근 7일에는 포착되지 않았습니다.
2026-06-02,20260602-040308-43dadaf3,Development Strategy,Cost Control; Developer Strategy,California,cost_control_developer_strategy_development_strategy_california,0,0,0,4,0,1,2026-05-22,2026-05-25,0,4,56,10,0,25,Dormant Signal,과거에는 관찰됐지만 최근 7일에는 포착되지 않았습니다.
2026-06-02,20260602-040308-43dadaf3,Macro & Financing,Financing Risk; Developer Strategy,Los Angeles,financing_risk_developer_strategy_macro_financing_los_angeles,0,0,0,4,0,1,2026-05-20,2026-05-23,0,4,56,10,0,25,Dormant Signal,과거에는 관찰됐지만 최근 7일에는 포착되지 않았습니다.
2026-06-02,20260602-040308-43dadaf3,Rent Growth Signal,Financing Risk; Institutional Flow,Sun Belt,financing_risk_institutional_flow_rent_growth_signal_sun_belt,0,0,0,4,0,1,2026-05-22,2026-05-25,0,4,56,10,0,25,Dormant Signal,과거에는 관찰됐지만 최근 7일에는 포착되지 않았습니다.
2026-06-02,20260602-040308-43dadaf3,Rent Growth Signal,Financing Risk; Regulation Risk; Institutional Flow,Los Angeles,financing_risk_regulation_risk_institutional_flow_rent_growth_signal_los_angeles,0,0,0,4,0,1,2026-05-23,2026-05-26,0,4,56,10,2,25,Dormant Signal,과거에는 관찰됐지만 최근 7일에는 포착되지 않았습니다.
2026-06-02,20260602-040308-43dadaf3,Supply / Starts Signal,Developer Strategy,Other / Unknown,developer_strategy_supply_starts_signal_other_unknown,0,0,0,4,0,1,2026-05-22,2026-05-25,0,4,56,10,0,25,Dormant Signal,과거에는 관찰됐지만 최근 7일에는 포착되지 않았습니다.
2026-06-02,20260602-040308-43dadaf3,Macro & Financing,Institutional Flow; Developer Strategy,Other / Unknown,institutional_flow_developer_strategy_macro_financing_other_unknown,0,0,0,4,0,2,2026-05-19,2026-05-21,0,3,44,10,0,50,Dormant Signal,과거에는 관찰됐지만 최근 7일에는 포착되지 않았습니다.
2026-06-02,20260602-040308-43dadaf3,Supply / Starts Signal,Institutional Flow,Los Angeles,institutional_flow_supply_starts_signal_los_angeles,0,0,0,4,0,4,2026-05-19,2026-05-26,0,3,44,10,2,100,Dormant Signal,과거에는 관찰됐지만 최근 7일에는 포착되지 않았습니다.
2026-06-02,20260602-040308-43dadaf3,Macro & Financing,Financing Risk; Institutional Flow,Sun Belt,financing_risk_institutional_flow_macro_financing_sun_belt,0,0,0,3,0,2,2026-05-19,2026-05-24,0,3,42,10,0,50,Dormant Signal,과거에는 관찰됐지만 최근 7일에는 포착되지 않았습니다.
2026-06-02,20260602-040308-43dadaf3,Rent Growth Signal,Financing Risk; Supply Pressure; Regulation Risk; Developer Strategy,Los Angeles,financing_risk_supply_pressure_regulation_risk_developer_strategy_rent_growth_signal_los_angeles,0,0,0,3,0,1,2026-05-20,2026-05-22,0,3,42,10,0,25,Dormant Signal,과거에는 관찰됐지만 최근 7일에는 포착되지 않았습니다.
2026-06-02,20260602-040308-43dadaf3,Macro & Financing,Institutional Flow,Sun Belt,institutional_flow_macro_financing_sun_belt,0,0,0,4,0,2,2026-05-21,2026-05-26,0,2,32,10,2,50,Dormant Signal,과거에는 관찰됐지만 최근 7일에는 포착되지 않았습니다.
2026-06-02,20260602-040308-43dadaf3,Supply & Demand,Developer Strategy,Sun Belt,developer_strategy_supply_demand_sun_belt,0,0,0,3,0,1,2026-05-19,2026-05-25,0,2,30,10,0,25,Dormant Signal,과거에는 관찰됐지만 최근 7일에는 포착되지 않았습니다.
2026-06-02,20260602-040308-43dadaf3,Supply / Starts Signal,Institutional Flow,Other / Unknown,institutional_flow_supply_starts_signal_other_unknown,0,0,0,3,0,1,2026-05-20,2026-05-26,0,2,30,10,2,25,Dormant Signal,과거에는 관찰됐지만 최근 7일에는 포착되지 않았습니다.
2026-06-02,20260602-040308-43dadaf3,Deal Size Signal,Financing Risk; Institutional Flow,New York,financing_risk_institutional_flow_deal_size_signal_new_york,0,0,0,2,0,2,2026-05-19,2026-05-21,0,2,28,10,0,50,Dormant Signal,과거에는 관찰됐지만 최근 7일에는 포착되지 않았습니다.
2026-06-02,20260602-040308-43dadaf3,Deal Size Signal,Financing Risk; Institutional Flow; Developer Strategy,Sun Belt,financing_risk_institutional_flow_developer_strategy_deal_size_signal_sun_belt,0,0,0,2,0,2,2026-05-20,2026-05-26,0,2,28,10,2,50,Dormant Signal,과거에는 관찰됐지만 최근 7일에는 포착되지 않았습니다.
2026-06-02,20260602-040308-43dadaf3,Deal Size Signal,Institutional Flow,New York,institutional_flow_deal_size_signal_new_york,0,0,0,2,0,2,2026-05-20,2026-05-26,0,2,28,10,2,50,Dormant Signal,과거에는 관찰됐지만 최근 7일에는 포착되지 않았습니다.
2026-06-02,20260602-040308-43dadaf3,Deal Size Signal,Institutional Flow; Developer Strategy,Arizona,institutional_flow_developer_strategy_deal_size_signal_arizona,0,0,0,2,0,1,2026-05-21,2026-05-26,0,2,28,10,2,25,Dormant Signal,과거에는 관찰됐지만 최근 7일에는 포착되지 않았습니다.
2026-06-02,20260602-040308-43dadaf3,Deal Size Signal,Financing Risk; Rent Growth / Demand; Institutional Flow,New York,financing_risk_rent_growth_demand_institutional_flow_deal_size_signal_new_york,0,0,0,2,0,1,2026-05-22,2026-05-23,0,2,28,10,0,25,Dormant Signal,과거에는 관찰됐지만 최근 7일에는 포착되지 않았습니다.
2026-06-02,20260602-040308-43dadaf3,Financing Cost Signal,Financing Risk; Institutional Flow,California,financing_risk_institutional_flow_financing_cost_signal_california,0,0,0,2,0,2,2026-05-21,2026-05-25,0,2,28,10,0,50,Dormant Signal,과거에는 관찰됐지만 최근 7일에는 포착되지 않았습니다.
2026-06-02,20260602-040308-43dadaf3,Institutional Flow; Developer Strategy,Institutional Flow; Developer Strategy,National,institutional_flow_developer_strategy_institutional_flow_developer_strategy_national,0,0,0,2,0,1,2026-05-20,2026-05-21,0,2,28,10,0,25,Dormant Signal,과거에는 관찰됐지만 최근 7일에는 포착되지 않았습니다.
2026-06-02,20260602-040308-43dadaf3,Macro & Financing,Financing Risk; Developer Strategy,New York,financing_risk_developer_strategy_macro_financing_new_york,0,0,0,2,0,1,2026-05-19,2026-05-20,0,2,28,10,0,25,Dormant Signal,과거에는 관찰됐지만 최근 7일에는 포착되지 않았습니다.
2026-06-02,20260602-040308-43dadaf3,Macro & Financing,Institutional Flow; Developer Strategy,Sun Belt,institutional_flow_developer_strategy_macro_financing_sun_belt,0,0,0,2,0,1,2026-05-20,2026-05-21,0,2,28,10,0,25,Dormant Signal,과거에는 관찰됐지만 최근 7일에는 포착되지 않았습니다.
2026-06-02,20260602-040308-43dadaf3,Macro & Financing,Financing Risk; Regulation Risk; Developer Strategy,New York,financing_risk_regulation_risk_developer_strategy_macro_financing_new_york,0,0,0,2,0,1,2026-05-20,2026-05-21,0,2,28,10,0,25,Dormant Signal,과거에는 관찰됐지만 최근 7일에는 포착되지 않았습니다.
2026-06-02,20260602-040308-43dadaf3,Rent Growth Signal,Institutional Flow; Developer Strategy,Other / Unknown,institutional_flow_developer_strategy_rent_growth_signal_other_unknown,0,0,0,2,0,2,2026-05-19,2026-05-24,0,2,28,10,0,50,Dormant Signal,과거에는 관찰됐지만 최근 7일에는 포착되지 않았습니다.
2026-06-02,20260602-040308-43dadaf3,Rent Growth Signal,Financing Risk; Developer Strategy,Sun Belt,financing_risk_developer_strategy_rent_growth_signal_sun_belt,0,0,0,2,0,1,2026-05-19,2026-05-20,0,2,28,10,0,25,Dormant Signal,과거에는 관찰됐지만 최근 7일에는 포착되지 않았습니다.
2026-06-02,20260602-040308-43dadaf3,Rent Growth Signal,Financing Risk; Institutional Flow,Other / Unknown,financing_risk_institutional_flow_rent_growth_signal_other_unknown,0,0,0,2,0,1,2026-05-20,2026-05-21,0,2,28,10,0,25,Dormant Signal,과거에는 관찰됐지만 최근 7일에는 포착되지 않았습니다.
2026-06-02,20260602-040308-43dadaf3,Rent Growth Signal,Developer Strategy,Texas,developer_strategy_rent_growth_signal_texas,0,0,0,2,0,1,2026-05-20,2026-05-21,0,2,28,10,0,25,Dormant Signal,과거에는 관찰됐지만 최근 7일에는 포착되지 않았습니다.
2026-06-02,20260602-040308-43dadaf3,Supply & Demand,Supply Pressure; Rent Growth / Demand,Sun Belt,supply_pressure_rent_growth_demand_supply_demand_sun_belt,0,0,0,2,0,1,2026-05-20,2026-05-21,0,2,28,10,0,25,Dormant Signal,과거에는 관찰됐지만 최근 7일에는 포착되지 않았습니다.
2026-06-02,20260602-040308-43dadaf3,Supply / Starts Signal,Developer Strategy,Los Angeles,developer_strategy_supply_starts_signal_los_angeles,0,0,0,2,0,1,2026-05-19,2026-05-20,0,2,28,10,0,25,Dormant Signal,과거에는 관찰됐지만 최근 7일에는 포착되지 않았습니다.
2026-06-02,20260602-040308-43dadaf3,Supply / Starts Signal,Financing Risk; Developer Strategy,Other / Unknown,financing_risk_developer_strategy_supply_starts_signal_other_unknown,0,0,0,2,0,2,2026-05-19,2026-05-20,0,2,28,10,0,50,Dormant Signal,과거에는 관찰됐지만 최근 7일에는 포착되지 않았습니다.
2026-06-02,20260602-040308-43dadaf3,Supply / Starts Signal,Supply Pressure; Rent Growth / Demand; Institutional Flow,New York,supply_pressure_rent_growth_demand_institutional_flow_supply_starts_signal_new_york,0,0,0,2,0,1,2026-05-19,2026-05-20,0,2,28,10,0,25,Dormant Signal,과거에는 관찰됐지만 최근 7일에는 포착되지 않았습니다.
2026-06-02,20260602-040308-43dadaf3,Supply / Starts Signal,Financing Risk; Developer Strategy,New York,financing_risk_developer_strategy_supply_starts_signal_new_york,0,0,0,2,0,1,2026-05-20,2026-05-21,0,2,28,10,0,25,Dormant Signal,과거에는 관찰됐지만 최근 7일에는 포착되지 않았습니다.
2026-06-02,20260602-040308-43dadaf3,Supply / Starts Signal,Developer Strategy,California,developer_strategy_supply_starts_signal_california,0,0,0,2,0,1,2026-05-25,2026-05-26,0,2,28,10,2,25,Dormant Signal,과거에는 관찰됐지만 최근 7일에는 포착되지 않았습니다.
2026-06-02,20260602-040308-43dadaf3,Development Strategy,gp_activity,Sun Belt,gp_activity_development_strategy_sun_belt,0,0,1,1,1,1,2026-05-27,2026-05-27,1,1,14,65,16,25,Early Watch,source 다양성이 제한되어 있어 추가 확인이 필요합니다.
2026-06-02,20260602-040308-43dadaf3,Supply & Demand,gp_activity,Other / Unknown,gp_activity_supply_demand_other_unknown,0,0,1,1,1,1,2026-05-31,2026-05-31,1,1,14,65,72,25,Early Watch,source 다양성이 제한되어 있어 추가 확인이 필요합니다.
2026-06-02,20260602-040308-43dadaf3,acquisition,transaction_market,Texas,transaction_market_acquisition_texas,0,0,1,1,1,1,2026-05-27,2026-05-27,1,1,14,65,16,25,Early Watch,source 다양성이 제한되어 있어 추가 확인이 필요합니다.
2026-06-02,20260602-040308-43dadaf3,acquisition,transaction_market,New York,transaction_market_acquisition_new_york,0,0,1,1,1,1,2026-05-27,2026-05-27,1,1,14,65,16,25,Early Watch,source 다양성이 제한되어 있어 추가 확인이 필요합니다.
2026-06-02,20260602-040308-43dadaf3,acquisition,development_pipeline,California,development_pipeline_acquisition_california,0,0,1,1,1,1,2026-05-27,2026-05-27,1,1,14,65,16,25,Early Watch,source 다양성이 제한되어 있어 추가 확인이 필요합니다.
2026-06-02,20260602-040308-43dadaf3,acquisition,development_pipeline,Seattle,development_pipeline_acquisition_seattle,0,0,1,1,1,1,2026-05-27,2026-05-27,1,1,14,65,16,25,Early Watch,source 다양성이 제한되어 있어 추가 확인이 필요합니다.
2026-06-02,20260602-040308-43dadaf3,acquisition,transaction_market,Seattle,transaction_market_acquisition_seattle,0,0,1,1,1,1,2026-05-28,2026-05-28,1,1,14,65,30,25,Early Watch,source 다양성이 제한되어 있어 추가 확인이 필요합니다.
2026-06-02,20260602-040308-43dadaf3,bridge_loan,capital_markets,California,capital_markets_bridge_loan_california,0,0,1,1,1,1,2026-05-27,2026-05-27,1,1,14,65,16,25,Early Watch,source 다양성이 제한되어 있어 추가 확인이 필요합니다.
2026-06-02,20260602-040308-43dadaf3,delivery,development_pipeline,Los Angeles,development_pipeline_delivery_los_angeles,0,0,1,1,1,1,2026-05-27,2026-05-27,1,1,14,65,16,25,Early Watch,source 다양성이 제한되어 있어 추가 확인이 필요합니다.
2026-06-02,20260602-040308-43dadaf3,disposition,development_pipeline,Other / Unknown,development_pipeline_disposition_other_unknown,0,0,1,1,1,1,2026-05-31,2026-05-31,1,1,14,65,72,25,Early Watch,source 다양성이 제한되어 있어 추가 확인이 필요합니다.
2026-06-02,20260602-040308-43dadaf3,effective_rent_growth,capital_markets,Other / Unknown,capital_markets_effective_rent_growth_other_unknown,0,0,1,1,1,1,2026-05-28,2026-05-28,1,1,14,65,30,25,Early Watch,source 다양성이 제한되어 있어 추가 확인이 필요합니다.
2026-06-02,20260602-040308-43dadaf3,entitlement,development_pipeline,Florida,development_pipeline_entitlement_florida,0,0,1,1,1,1,2026-05-27,2026-05-27,1,1,14,65,16,25,Early Watch,source 다양성이 제한되어 있어 추가 확인이 필요합니다.
2026-06-02,20260602-040308-43dadaf3,joint_venture,institutional_capital,Texas,institutional_capital_joint_venture_texas,0,0,1,1,1,1,2026-05-28,2026-05-28,1,1,14,65,30,25,Early Watch,source 다양성이 제한되어 있어 추가 확인이 필요합니다.
2026-06-02,20260602-040308-43dadaf3,joint_venture,institutional_capital,Southeast,institutional_capital_joint_venture_southeast,0,0,1,1,1,1,2026-05-28,2026-05-28,1,1,14,65,30,25,Early Watch,source 다양성이 제한되어 있어 추가 확인이 필요합니다.
2026-06-02,20260602-040308-43dadaf3,lender_activity,capital_markets,Sun Belt,capital_markets_lender_activity_sun_belt,0,0,1,1,1,1,2026-05-29,2026-05-29,1,1,14,65,44,25,Early Watch,source 다양성이 제한되어 있어 추가 확인이 필요합니다.
2026-06-02,20260602-040308-43dadaf3,permit,development_pipeline,California,development_pipeline_permit_california,0,0,1,1,1,1,2026-05-27,2026-05-27,1,1,14,65,16,25,Early Watch,source 다양성이 제한되어 있어 추가 확인이 필요합니다.
2026-06-02,20260602-040308-43dadaf3,recapitalization,capital_markets,Other / Unknown,capital_markets_recapitalization_other_unknown,0,0,1,1,1,1,2026-05-28,2026-05-28,1,1,14,65,30,25,Early Watch,source 다양성이 제한되어 있어 추가 확인이 필요합니다.
2026-06-02,20260602-040308-43dadaf3,redevelopment,capital_markets,Other / Unknown,capital_markets_redevelopment_other_unknown,0,0,1,1,1,1,2026-05-28,2026-05-28,1,1,14,65,30,25,Early Watch,source 다양성이 제한되어 있어 추가 확인이 필요합니다.
2026-06-02,20260602-040308-43dadaf3,redevelopment,development_pipeline,Other / Unknown,development_pipeline_redevelopment_other_unknown,0,0,1,1,1,1,2026-05-28,2026-05-28,1,1,14,65,30,25,Early Watch,source 다양성이 제한되어 있어 추가 확인이 필요합니다.
2026-06-02,20260602-040308-43dadaf3,refinancing,capital_markets,Texas,capital_markets_refinancing_texas,0,0,1,1,1,1,2026-05-27,2026-05-27,1,1,14,65,16,25,Early Watch,source 다양성이 제한되어 있어 추가 확인이 필요합니다.
2026-06-02,20260602-040308-43dadaf3,under_construction,development_pipeline,California,development_pipeline_under_construction_california,0,0,1,1,1,1,2026-05-27,2026-05-27,1,1,14,65,16,25,Early Watch,source 다양성이 제한되어 있어 추가 확인이 필요합니다.
2026-06-02,20260602-040308-43dadaf3,Deal Size Signal,Institutional Flow; Developer Strategy,California,institutional_flow_developer_strategy_deal_size_signal_california,0,0,0,1,0,1,2026-05-19,2026-05-19,0,1,14,25,0,25,Dormant Signal,과거에는 관찰됐지만 최근 7일에는 포착되지 않았습니다.
2026-06-02,20260602-040308-43dadaf3,Deal Size Signal,Institutional Flow,Los Angeles,institutional_flow_deal_size_signal_los_angeles,0,0,0,1,0,1,2026-05-19,2026-05-19,0,1,14,25,0,25,Dormant Signal,과거에는 관찰됐지만 최근 7일에는 포착되지 않았습니다.
2026-06-02,20260602-040308-43dadaf3,Development Strategy,Rent Growth / Demand; Developer Strategy,Sun Belt,rent_growth_demand_developer_strategy_development_strategy_sun_belt,0,0,0,1,0,1,2026-05-19,2026-05-19,0,1,14,25,0,25,Dormant Signal,과거에는 관찰됐지만 최근 7일에는 포착되지 않았습니다.
2026-06-02,20260602-040308-43dadaf3,Macro & Financing,Financing Risk; Institutional Flow; Developer Strategy,New York,financing_risk_institutional_flow_developer_strategy_macro_financing_new_york,0,0,0,1,0,1,2026-05-19,2026-05-19,0,1,14,25,0,25,Dormant Signal,과거에는 관찰됐지만 최근 7일에는 포착되지 않았습니다.
2026-06-02,20260602-040308-43dadaf3,Macro & Financing,Supply Pressure; Institutional Flow; Developer Strategy,Sun Belt,supply_pressure_institutional_flow_developer_strategy_macro_financing_sun_belt,0,0,0,1,0,1,2026-05-19,2026-05-19,0,1,14,25,0,25,Dormant Signal,과거에는 관찰됐지만 최근 7일에는 포착되지 않았습니다.
2026-06-02,20260602-040308-43dadaf3,Macro & Financing,Institutional Flow; Developer Strategy,Los Angeles,institutional_flow_developer_strategy_macro_financing_los_angeles,0,0,0,1,0,1,2026-05-19,2026-05-19,0,1,14,25,0,25,Dormant Signal,과거에는 관찰됐지만 최근 7일에는 포착되지 않았습니다.
2026-06-02,20260602-040308-43dadaf3,Supply & Demand,Regulation Risk; Developer Strategy,Other / Unknown,regulation_risk_developer_strategy_supply_demand_other_unknown,0,0,0,1,0,1,2026-05-19,2026-05-19,0,1,14,25,0,25,Dormant Signal,과거에는 관찰됐지만 최근 7일에는 포착되지 않았습니다.
2026-06-02,20260602-040308-43dadaf3,Supply & Demand,Developer Strategy,California,developer_strategy_supply_demand_california,0,0,0,1,0,1,2026-05-19,2026-05-19,0,1,14,25,0,25,Dormant Signal,과거에는 관찰됐지만 최근 7일에는 포착되지 않았습니다.
2026-06-02,20260602-040308-43dadaf3,Supply & Demand,Supply Pressure; Developer Strategy,Sun Belt,supply_pressure_developer_strategy_supply_demand_sun_belt,0,0,0,1,0,1,2026-05-19,2026-05-19,0,1,14,25,0,25,Dormant Signal,과거에는 관찰됐지만 최근 7일에는 포착되지 않았습니다.
2026-06-02,20260602-040308-43dadaf3,Supply & Demand,Rent Growth / Demand,Los Angeles,rent_growth_demand_supply_demand_los_angeles,0,0,0,1,0,1,2026-05-19,2026-05-19,0,1,14,25,0,25,Dormant Signal,과거에는 관찰됐지만 최근 7일에는 포착되지 않았습니다.
2026-06-02,20260602-040308-43dadaf3,Supply / Starts Signal,Financing Risk; Regulation Risk; Institutional Flow; Developer Strategy,Los Angeles,financing_risk_regulation_risk_institutional_flow_developer_strategy_supply_starts_signal_los_angeles,0,0,0,1,0,1,2026-05-19,2026-05-19,0,1,14,25,0,25,Dormant Signal,과거에는 관찰됐지만 최근 7일에는 포착되지 않았습니다.
2026-06-02,20260602-040308-43dadaf3,Supply / Starts Signal,Financing Risk; Institutional Flow; Developer Strategy,Los Angeles,financing_risk_institutional_flow_developer_strategy_supply_starts_signal_los_angeles,0,0,0,1,0,1,2026-05-19,2026-05-19,0,1,14,25,0,25,Dormant Signal,과거에는 관찰됐지만 최근 7일에는 포착되지 않았습니다.
2026-06-02,20260602-040308-43dadaf3,Supply / Starts Signal,Regulation Risk,Other / Unknown,regulation_risk_supply_starts_signal_other_unknown,0,0,0,1,0,1,2026-05-19,2026-05-19,0,1,14,25,0,25,Dormant Signal,과거에는 관찰됐지만 최근 7일에는 포착되지 않았습니다.
2026-06-02,20260602-040308-43dadaf3,Vacancy Signal,Rent Growth / Demand; Developer Strategy,Los Angeles,rent_growth_demand_developer_strategy_vacancy_signal_los_angeles,0,0,0,1,0,1,2026-05-19,2026-05-19,0,1,14,25,0,25,Dormant Signal,과거에는 관찰됐지만 최근 7일에는 포착되지 않았습니다.
2026-06-02,20260602-040308-43dadaf3,Deal Size Signal,Financing Risk; Institutional Flow,Sun Belt,financing_risk_institutional_flow_deal_size_signal_sun_belt,0,0,0,1,0,1,2026-05-20,2026-05-20,0,1,14,10,0,25,Dormant Signal,과거에는 관찰됐지만 최근 7일에는 포착되지 않았습니다.
2026-06-02,20260602-040308-43dadaf3,Deal Size Signal,Institutional Flow; Developer Strategy,Southeast,institutional_flow_developer_strategy_deal_size_signal_southeast,0,0,0,1,0,1,2026-05-20,2026-05-20,0,1,14,10,0,25,Dormant Signal,과거에는 관찰됐지만 최근 7일에는 포착되지 않았습니다.
2026-06-02,20260602-040308-43dadaf3,Deal Size Signal,Financing Risk; Institutional Flow,California,financing_risk_institutional_flow_deal_size_signal_california,0,0,0,1,0,1,2026-05-21,2026-05-21,0,1,14,10,0,25,Dormant Signal,과거에는 관찰됐지만 최근 7일에는 포착되지 않았습니다.
2026-06-02,20260602-040308-43dadaf3,Deal Size Signal,Institutional Flow,Florida,institutional_flow_deal_size_signal_florida,0,0,0,1,0,1,2026-05-22,2026-05-22,0,1,14,10,0,25,Dormant Signal,과거에는 관찰됐지만 최근 7일에는 포착되지 않았습니다.
2026-06-02,20260602-040308-43dadaf3,Deal Size Signal,Institutional Flow; Developer Strategy,New York,institutional_flow_developer_strategy_deal_size_signal_new_york,0,0,0,1,0,1,2026-05-25,2026-05-25,0,1,14,10,0,25,Dormant Signal,과거에는 관찰됐지만 최근 7일에는 포착되지 않았습니다.
2026-06-02,20260602-040308-43dadaf3,Deal Size Signal,Financing Risk; Institutional Flow,Other / Unknown,financing_risk_institutional_flow_deal_size_signal_other_unknown,0,0,0,1,0,1,2026-05-26,2026-05-26,0,1,14,10,2,25,Dormant Signal,과거에는 관찰됐지만 최근 7일에는 포착되지 않았습니다.
2026-06-02,20260602-040308-43dadaf3,Deal Size Signal,Financing Risk; Regulation Risk; Institutional Flow; Developer Strategy,Florida,financing_risk_regulation_risk_institutional_flow_developer_strategy_deal_size_signal_florida,0,0,0,1,0,1,2026-05-26,2026-05-26,0,1,14,10,2,25,Dormant Signal,과거에는 관찰됐지만 최근 7일에는 포착되지 않았습니다.
2026-06-02,20260602-040308-43dadaf3,Developer Strategy,Developer Strategy,Seattle,developer_strategy_developer_strategy_seattle,0,0,0,1,0,1,2026-05-20,2026-05-20,0,1,14,10,0,25,Dormant Signal,과거에는 관찰됐지만 최근 7일에는 포착되지 않았습니다.
2026-06-02,20260602-040308-43dadaf3,Development Strategy,Supply Pressure; Developer Strategy,National,supply_pressure_developer_strategy_development_strategy_national,0,0,0,1,0,1,2026-05-20,2026-05-20,0,1,14,10,0,25,Dormant Signal,과거에는 관찰됐지만 최근 7일에는 포착되지 않았습니다.
2026-06-02,20260602-040308-43dadaf3,Development Strategy,Cost Control; Developer Strategy,Other / Unknown,cost_control_developer_strategy_development_strategy_other_unknown,0,0,0,1,0,1,2026-05-21,2026-05-21,0,1,14,10,0,25,Dormant Signal,과거에는 관찰됐지만 최근 7일에는 포착되지 않았습니다.
2026-06-02,20260602-040308-43dadaf3,Development Strategy,Regulation Risk; Developer Strategy,Southeast,regulation_risk_developer_strategy_development_strategy_southeast,0,0,0,1,0,1,2026-05-21,2026-05-21,0,1,14,10,0,25,Dormant Signal,과거에는 관찰됐지만 최근 7일에는 포착되지 않았습니다.
2026-06-02,20260602-040308-43dadaf3,Financing Cost Signal,Financing Risk,Other / Unknown,financing_risk_financing_cost_signal_other_unknown,0,0,0,1,0,1,2026-05-20,2026-05-20,0,1,14,10,0,25,Dormant Signal,과거에는 관찰됐지만 최근 7일에는 포착되지 않았습니다.
2026-06-02,20260602-040308-43dadaf3,Financing Cost Signal,Financing Risk; Developer Strategy,Sun Belt,financing_risk_developer_strategy_financing_cost_signal_sun_belt,0,0,0,1,0,1,2026-05-20,2026-05-20,0,1,14,10,0,25,Dormant Signal,과거에는 관찰됐지만 최근 7일에는 포착되지 않았습니다.
2026-06-02,20260602-040308-43dadaf3,Financing Cost Signal,Financing Risk; Regulation Risk,Other / Unknown,financing_risk_regulation_risk_financing_cost_signal_other_unknown,0,0,0,1,0,1,2026-05-20,2026-05-20,0,1,14,10,0,25,Dormant Signal,과거에는 관찰됐지만 최근 7일에는 포착되지 않았습니다.
2026-06-02,20260602-040308-43dadaf3,Financing Cost Signal,Financing Risk,California,financing_risk_financing_cost_signal_california,0,0,0,1,0,1,2026-05-26,2026-05-26,0,1,14,10,2,25,Dormant Signal,과거에는 관찰됐지만 최근 7일에는 포착되지 않았습니다.
2026-06-02,20260602-040308-43dadaf3,Macro & Financing,Institutional Flow; Developer Strategy,New York,institutional_flow_developer_strategy_macro_financing_new_york,0,0,0,1,0,1,2026-05-20,2026-05-20,0,1,14,10,0,25,Dormant Signal,과거에는 관찰됐지만 최근 7일에는 포착되지 않았습니다.
2026-06-02,20260602-040308-43dadaf3,Macro & Financing,Financing Risk; Developer Strategy,National,financing_risk_developer_strategy_macro_financing_national,0,0,0,1,0,1,2026-05-20,2026-05-20,0,1,14,10,0,25,Dormant Signal,과거에는 관찰됐지만 최근 7일에는 포착되지 않았습니다.
2026-06-02,20260602-040308-43dadaf3,Macro & Financing,Institutional Flow; Developer Strategy,Southeast,institutional_flow_developer_strategy_macro_financing_southeast,0,0,0,1,0,1,2026-05-21,2026-05-21,0,1,14,10,0,25,Dormant Signal,과거에는 관찰됐지만 최근 7일에는 포착되지 않았습니다.
2026-06-02,20260602-040308-43dadaf3,Macro & Financing,Institutional Flow; Developer Strategy,National,institutional_flow_developer_strategy_macro_financing_national,0,0,0,1,0,1,2026-05-21,2026-05-21,0,1,14,10,0,25,Dormant Signal,과거에는 관찰됐지만 최근 7일에는 포착되지 않았습니다.
2026-06-02,20260602-040308-43dadaf3,Macro & Financing,Financing Risk,Other / Unknown,financing_risk_macro_financing_other_unknown,0,0,0,1,0,1,2026-05-21,2026-05-21,0,1,14,10,0,25,Dormant Signal,과거에는 관찰됐지만 최근 7일에는 포착되지 않았습니다.
2026-06-02,20260602-040308-43dadaf3,Macro & Financing,Financing Risk; Supply Pressure,National,financing_risk_supply_pressure_macro_financing_national,0,0,0,1,0,1,2026-05-25,2026-05-25,0,1,14,10,0,25,Dormant Signal,과거에는 관찰됐지만 최근 7일에는 포착되지 않았습니다.
2026-06-02,20260602-040308-43dadaf3,Macro & Financing,Financing Risk; Regulation Risk; Institutional Flow,National,financing_risk_regulation_risk_institutional_flow_macro_financing_national,0,0,0,1,0,1,2026-05-26,2026-05-26,0,1,14,10,2,25,Dormant Signal,과거에는 관찰됐지만 최근 7일에는 포착되지 않았습니다.
2026-06-02,20260602-040308-43dadaf3,Macro & Financing,Rent Growth / Demand; Institutional Flow,Other / Unknown,rent_growth_demand_institutional_flow_macro_financing_other_unknown,0,0,0,1,0,1,2026-05-26,2026-05-26,0,1,14,10,2,25,Dormant Signal,과거에는 관찰됐지만 최근 7일에는 포착되지 않았습니다.
2026-06-02,20260602-040308-43dadaf3,Macro & Financing,Institutional Flow,Seattle,institutional_flow_macro_financing_seattle,0,0,0,1,0,1,2026-05-26,2026-05-26,0,1,14,10,2,25,Dormant Signal,과거에는 관찰됐지만 최근 7일에는 포착되지 않았습니다.
2026-06-02,20260602-040308-43dadaf3,Macro & Financing,Institutional Flow,Southeast,institutional_flow_macro_financing_southeast,0,0,0,1,0,1,2026-05-26,2026-05-26,0,1,14,10,2,25,Dormant Signal,과거에는 관찰됐지만 최근 7일에는 포착되지 않았습니다.
2026-06-02,20260602-040308-43dadaf3,Rent Growth Signal,Supply Pressure; Institutional Flow,Other / Unknown,supply_pressure_institutional_flow_rent_growth_signal_other_unknown,0,0,0,1,0,1,2026-05-20,2026-05-20,0,1,14,10,0,25,Dormant Signal,과거에는 관찰됐지만 최근 7일에는 포착되지 않았습니다.
2026-06-02,20260602-040308-43dadaf3,Rent Growth Signal,Developer Strategy,National,developer_strategy_rent_growth_signal_national,0,0,0,1,0,1,2026-05-21,2026-05-21,0,1,14,10,0,25,Dormant Signal,과거에는 관찰됐지만 최근 7일에는 포착되지 않았습니다.
2026-06-02,20260602-040308-43dadaf3,Rent Growth Signal,Financing Risk; Developer Strategy,Arizona,financing_risk_developer_strategy_rent_growth_signal_arizona,0,0,0,1,0,1,2026-05-22,2026-05-22,0,1,14,10,0,25,Dormant Signal,과거에는 관찰됐지만 최근 7일에는 포착되지 않았습니다.
2026-06-02,20260602-040308-43dadaf3,Rent Growth Signal,Developer Strategy,New York,developer_strategy_rent_growth_signal_new_york,0,0,0,1,0,1,2026-05-25,2026-05-25,0,1,14,10,0,25,Dormant Signal,과거에는 관찰됐지만 최근 7일에는 포착되지 않았습니다.
2026-06-02,20260602-040308-43dadaf3,Rent Growth Signal,Developer Strategy,Arizona,developer_strategy_rent_growth_signal_arizona,0,0,0,1,0,1,2026-05-25,2026-05-25,0,1,14,10,0,25,Dormant Signal,과거에는 관찰됐지만 최근 7일에는 포착되지 않았습니다.
2026-06-02,20260602-040308-43dadaf3,Rent Growth Signal,Financing Risk; Developer Strategy,National,financing_risk_developer_strategy_rent_growth_signal_national,0,0,0,1,0,1,2026-05-26,2026-05-26,0,1,14,10,2,25,Dormant Signal,과거에는 관찰됐지만 최근 7일에는 포착되지 않았습니다.
2026-06-02,20260602-040308-43dadaf3,Rent Growth Signal,Developer Strategy,Southeast,developer_strategy_rent_growth_signal_southeast,0,0,0,1,0,1,2026-05-26,2026-05-26,0,1,14,10,2,25,Dormant Signal,과거에는 관찰됐지만 최근 7일에는 포착되지 않았습니다.
2026-06-02,20260602-040308-43dadaf3,Rent Growth Signal,Developer Strategy,Florida,developer_strategy_rent_growth_signal_florida,0,0,0,1,0,1,2026-05-26,2026-05-26,0,1,14,10,2,25,Dormant Signal,과거에는 관찰됐지만 최근 7일에는 포착되지 않았습니다.
2026-06-02,20260602-040308-43dadaf3,Rent Growth Signal,Institutional Flow,Other / Unknown,institutional_flow_rent_growth_signal_other_unknown,0,0,0,1,0,1,2026-05-26,2026-05-26,0,1,14,10,2,25,Dormant Signal,과거에는 관찰됐지만 최근 7일에는 포착되지 않았습니다.
2026-06-02,20260602-040308-43dadaf3,Rent Growth Signal,Rent Growth / Demand; Developer Strategy,Los Angeles,rent_growth_demand_developer_strategy_rent_growth_signal_los_angeles,0,0,0,1,0,1,2026-05-26,2026-05-26,0,1,14,10,2,25,Dormant Signal,과거에는 관찰됐지만 최근 7일에는 포착되지 않았습니다.
2026-06-02,20260602-040308-43dadaf3,Supply & Demand,Developer Strategy,Texas,developer_strategy_supply_demand_texas,0,0,0,1,0,1,2026-05-25,2026-05-25,0,1,14,10,0,25,Dormant Signal,과거에는 관찰됐지만 최근 7일에는 포착되지 않았습니다.
2026-06-02,20260602-040308-43dadaf3,Supply / Starts Signal,Developer Strategy,Sun Belt,developer_strategy_supply_starts_signal_sun_belt,0,0,0,1,0,1,2026-05-20,2026-05-20,0,1,14,10,0,25,Dormant Signal,과거에는 관찰됐지만 최근 7일에는 포착되지 않았습니다.
2026-06-02,20260602-040308-43dadaf3,Supply / Starts Signal,Financing Risk; Institutional Flow,Other / Unknown,financing_risk_institutional_flow_supply_starts_signal_other_unknown,0,0,0,1,0,1,2026-05-21,2026-05-21,0,1,14,10,0,25,Dormant Signal,과거에는 관찰됐지만 최근 7일에는 포착되지 않았습니다.
2026-06-02,20260602-040308-43dadaf3,Supply / Starts Signal,Financing Risk,Other / Unknown,financing_risk_supply_starts_signal_other_unknown,0,0,0,1,0,1,2026-05-21,2026-05-21,0,1,14,10,0,25,Dormant Signal,과거에는 관찰됐지만 최근 7일에는 포착되지 않았습니다.
2026-06-02,20260602-040308-43dadaf3,Supply / Starts Signal,Supply Pressure; Developer Strategy,National,supply_pressure_developer_strategy_supply_starts_signal_national,0,0,0,1,0,1,2026-05-21,2026-05-21,0,1,14,10,0,25,Dormant Signal,과거에는 관찰됐지만 최근 7일에는 포착되지 않았습니다.
2026-06-02,20260602-040308-43dadaf3,Supply / Starts Signal,Regulation Risk; Developer Strategy,Los Angeles,regulation_risk_developer_strategy_supply_starts_signal_los_angeles,0,0,0,1,0,1,2026-05-26,2026-05-26,0,1,14,10,2,25,Dormant Signal,과거에는 관찰됐지만 최근 7일에는 포착되지 않았습니다.
2026-06-02,20260602-040308-43dadaf3,Supply / Starts Signal,Institutional Flow,California,institutional_flow_supply_starts_signal_california,0,0,0,1,0,1,2026-05-26,2026-05-26,0,1,14,10,2,25,Dormant Signal,과거에는 관찰됐지만 최근 7일에는 포착되지 않았습니다.
2026-06-02,20260602-040308-43dadaf3,Supply / Starts Signal,Institutional Flow,Southeast,institutional_flow_supply_starts_signal_southeast,0,0,0,1,0,1,2026-05-26,2026-05-26,0,1,14,10,2,25,Dormant Signal,과거에는 관찰됐지만 최근 7일에는 포착되지 않았습니다.
2026-06-02,20260602-040308-43dadaf3,Vacancy Signal,Financing Risk; Rent Growth / Demand; Developer Strategy,Sun Belt,financing_risk_rent_growth_demand_developer_strategy_vacancy_signal_sun_belt,0,0,0,1,0,1,2026-05-21,2026-05-21,0,1,14,10,0,25,Dormant Signal,과거에는 관찰됐지만 최근 7일에는 포착되지 않았습니다.
