run_date,run_id,raw_entity,canonical_entity,entity_type,alias_matched,confidence_score,source_file,occurrence_count,notes
2026-07-20,20260720-235827-8318a794,Acquisition - Denver / Colorado - Marcus & Millichap Arranges Sale of 93-Unit Apartment Building in Denver,Acquisition - Denver / Colorado - Marcus & Millichap Arranges Sale of 93-Unit Apartment Building in Denver,Project / Deal,,40,relationship_graph.csv,1,weak match / needs review
2026-07-20,20260720-235827-8318a794,Acquisition - Other / Unknown - Essex Three-Twelve Closes on $1.25M Humboldt Park Multifamily Acquisition in Chicago,Acquisition - Other / Unknown - Essex Three-Twelve Closes on $1.25M Humboldt Park Multifamily Acquisition in Chicago,Project / Deal,,40,relationship_graph.csv,1,weak match / needs review
2026-07-20,20260720-235827-8318a794,Acquisition - Other / Unknown - Lincoln Property Co. acquires The Spectrum Cos.,Acquisition - Other / Unknown - Lincoln Property Co. acquires The Spectrum Cos.,Project / Deal,,40,relationship_graph.csv,2,weak match / needs review
2026-07-20,20260720-235827-8318a794,Acquisition - Other / Unknown - M&T Lends $26M on NJ Apartments Buy,Acquisition - Other / Unknown - M&T Lends $26M on NJ Apartments Buy,Project / Deal,,40,relationship_graph.csv,2,weak match / needs review
2026-07-20,20260720-235827-8318a794,Arizona,Arizona,Market / Region,,40,regional_intelligence.csv,1,weak match / needs review
2026-07-20,20260720-235827-8318a794,AvalonBay,AvalonBay,Developer / GP,,40,deal_pipeline.csv,1,weak match / needs review
2026-07-20,20260720-235827-8318a794,AvalonBay,AvalonBay,Developer / GP,,40,gp_intelligence.csv,1,weak match / needs review
2026-07-20,20260720-235827-8318a794,AvalonBay,AvalonBay,Developer / GP,,40,institutional_relationships.csv,1,weak match / needs review
2026-07-20,20260720-235827-8318a794,AvalonBay,AvalonBay,Developer / GP,,40,relationship_graph.csv,5,weak match / needs review
2026-07-20,20260720-235827-8318a794,Bascom Group,Bascom Group,Developer / GP,,40,deal_pipeline.csv,1,weak match / needs review
2026-07-20,20260720-235827-8318a794,Bascom Group,Bascom Group,Developer / GP,,40,gp_intelligence.csv,1,weak match / needs review
2026-07-20,20260720-235827-8318a794,Bascom Group,Bascom Group,Developer / GP,,40,institutional_relationships.csv,1,weak match / needs review
2026-07-20,20260720-235827-8318a794,Bascom Group,Bascom Group,Developer / GP,,40,relationship_graph.csv,2,weak match / needs review
2026-07-20,20260720-235827-8318a794,Berkadia,Berkadia,Developer / GP,Berkadia,100,deal_pipeline.csv,2,exact canonical match
2026-07-20,20260720-235827-8318a794,Berkadia,Berkadia,Developer / GP,Berkadia,100,gp_intelligence.csv,1,exact canonical match
2026-07-20,20260720-235827-8318a794,Berkadia,Berkadia,Developer / GP,Berkadia,100,institutional_relationships.csv,1,exact canonical match
2026-07-20,20260720-235827-8318a794,Berkadia,Berkadia,Developer / GP,Berkadia,100,relationship_graph.csv,8,exact canonical match
2026-07-20,20260720-235827-8318a794,berkadia,Berkadia,Lender / Debt Provider,Berkadia,75,deal_pipeline.csv,2,case or punctuation normalized match
2026-07-20,20260720-235827-8318a794,berkadia,Berkadia,Lender / Debt Provider,Berkadia,75,relationship_graph.csv,2,case or punctuation normalized match
2026-07-20,20260720-235827-8318a794,"Disposition / Exit - Washington DC - Berkadia Arranges Sale, Financing of 270-Unit VA Multifamily Property",Berkadia,Project / Deal,Berkadia,60,relationship_graph.csv,1,partial match
2026-07-20,20260720-235827-8318a794,Bridge Investment Group,Bridge Investment Group,Developer / GP,,40,deal_pipeline.csv,1,weak match / needs review
2026-07-20,20260720-235827-8318a794,Bridge Investment Group,Bridge Investment Group,Developer / GP,,40,gp_intelligence.csv,1,weak match / needs review
2026-07-20,20260720-235827-8318a794,Bridge Investment Group,Bridge Investment Group,Developer / GP,,40,institutional_relationships.csv,1,weak match / needs review
2026-07-20,20260720-235827-8318a794,Bridge Investment Group,Bridge Investment Group,Developer / GP,,40,relationship_graph.csv,4,weak match / needs review
2026-07-20,20260720-235827-8318a794,Brookfield,Brookfield,Developer / GP,Brookfield,100,deal_pipeline.csv,1,exact canonical match
2026-07-20,20260720-235827-8318a794,Brookfield,Brookfield,Developer / GP,Brookfield,100,gp_intelligence.csv,1,exact canonical match
2026-07-20,20260720-235827-8318a794,Brookfield,Brookfield,Developer / GP,Brookfield,100,institutional_relationships.csv,1,exact canonical match
2026-07-20,20260720-235827-8318a794,Brookfield,Brookfield,Developer / GP,Brookfield,100,relationship_graph.csv,4,exact canonical match
2026-07-20,20260720-235827-8318a794,brookfield,Brookfield,Institutional Capital,Brookfield,75,deal_pipeline.csv,1,case or punctuation normalized match
2026-07-20,20260720-235827-8318a794,brookfield,Brookfield,Institutional Capital,Brookfield,75,relationship_graph.csv,1,case or punctuation normalized match
2026-07-20,20260720-235827-8318a794,JV / Partnership - Denver / Colorado - Brookfield Takes a Major Stake in Healthpeak Properties’ $2.1B Portfolio,Brookfield,Project / Deal,Brookfield,60,relationship_graph.csv,1,partial match
2026-07-20,20260720-235827-8318a794,CBRE,CBRE,Developer / GP,CBRE,100,gp_intelligence.csv,1,exact canonical match
2026-07-20,20260720-235827-8318a794,CBRE,CBRE,Developer / GP,CBRE,100,institutional_relationships.csv,1,exact canonical match
2026-07-20,20260720-235827-8318a794,cbre,CBRE,Lender / Debt Provider,CBRE,75,deal_pipeline.csv,1,case or punctuation normalized match
2026-07-20,20260720-235827-8318a794,cbre,CBRE,Lender / Debt Provider,CBRE,75,relationship_graph.csv,1,case or punctuation normalized match
2026-07-20,20260720-235827-8318a794,CIM Group,CIM Group,Developer / GP,,40,deal_pipeline.csv,2,weak match / needs review
2026-07-20,20260720-235827-8318a794,CIM Group,CIM Group,Developer / GP,,40,gp_intelligence.csv,1,weak match / needs review
2026-07-20,20260720-235827-8318a794,CIM Group,CIM Group,Developer / GP,,40,institutional_relationships.csv,1,weak match / needs review
2026-07-20,20260720-235827-8318a794,CIM Group,CIM Group,Developer / GP,,40,relationship_graph.csv,6,weak match / needs review
2026-07-20,20260720-235827-8318a794,California,California,Market / Region,California,100,articles.csv,3,exact canonical match
2026-07-20,20260720-235827-8318a794,California,California,Market / Region,California,100,deal_pipeline.csv,4,exact canonical match
2026-07-20,20260720-235827-8318a794,California,California,Market / Region,California,100,regional_intelligence.csv,1,exact canonical match
2026-07-20,20260720-235827-8318a794,California,California,Market / Region,California,100,relationship_graph.csv,2,exact canonical match
2026-07-20,20260720-235827-8318a794,Riverside / California,California,Market / Region,California,60,articles.csv,1,partial match
2026-07-20,20260720-235827-8318a794,Riverside / California,California,Market / Region,California,60,deal_pipeline.csv,1,partial match
2026-07-20,20260720-235827-8318a794,Riverside / California,California,Market / Region,California,60,relationship_graph.csv,1,partial match
2026-07-20,20260720-235827-8318a794,San Francisco / California,California,Market / Region,California,60,articles.csv,3,partial match
2026-07-20,20260720-235827-8318a794,San Francisco / California,California,Market / Region,California,60,deal_pipeline.csv,3,partial match
2026-07-20,20260720-235827-8318a794,San Francisco / California,California,Market / Region,California,60,relationship_graph.csv,3,partial match
2026-07-20,20260720-235827-8318a794,Santa Monica / California,California,Market / Region,California,60,articles.csv,1,partial match
2026-07-20,20260720-235827-8318a794,Santa Monica / California,California,Market / Region,California,60,deal_pipeline.csv,1,partial match
2026-07-20,20260720-235827-8318a794,Santa Monica / California,California,Market / Region,California,60,relationship_graph.csv,1,partial match
2026-07-20,20260720-235827-8318a794,Acquisition - California - Bascom Acquires Buena Park Apartments as Value-Add Deal,California,Project / Deal,California,60,relationship_graph.csv,1,partial match
2026-07-20,20260720-235827-8318a794,Entitlement / Permitting - San Francisco / California - Silicon Valley Cities See Spike In Office Demolitions,California,Project / Deal,California,60,relationship_graph.csv,2,partial match
2026-07-20,20260720-235827-8318a794,JV / Partnership - California - Mixed-use building rises at 450 The Promenade N. in Downtown Long Beach,California,Project / Deal,California,60,relationship_graph.csv,1,partial match
2026-07-20,20260720-235827-8318a794,JV / Partnership - Riverside / California - C&C Development Opens Affordable Housing in Irvine,California,Project / Deal,California,60,relationship_graph.csv,2,partial match
2026-07-20,20260720-235827-8318a794,Camden Property Trust,Camden Property Trust,Developer / GP,,40,deal_pipeline.csv,1,weak match / needs review
2026-07-20,20260720-235827-8318a794,Camden Property Trust,Camden Property Trust,Developer / GP,,40,gp_intelligence.csv,1,weak match / needs review
2026-07-20,20260720-235827-8318a794,Camden Property Trust,Camden Property Trust,Developer / GP,,40,institutional_relationships.csv,1,weak match / needs review
2026-07-20,20260720-235827-8318a794,Camden Property Trust,Camden Property Trust,Developer / GP,,40,relationship_graph.csv,5,weak match / needs review
2026-07-20,20260720-235827-8318a794,Concord Summit Capital,Concord Summit Capital,Developer / GP,,40,gp_intelligence.csv,1,weak match / needs review
2026-07-20,20260720-235827-8318a794,Concord Summit Capital,Concord Summit Capital,Developer / GP,,40,institutional_relationships.csv,1,weak match / needs review
2026-07-20,20260720-235827-8318a794,Construction Financing - Houston / Texas - Tannos Inks Bridge Loan for 163K-SF Friendswood Mixed-Use Project,Construction Financing - Houston / Texas - Tannos Inks Bridge Loan for 163K-SF Friendswood Mixed-Use Project,Project / Deal,,40,relationship_graph.csv,2,weak match / needs review
2026-07-20,20260720-235827-8318a794,"Construction Financing - Other / Unknown - Madison Realty Capital, Cottonwood Group Provide $211M Construction Loan in N.J.","Construction Financing - Other / Unknown - Madison Realty Capital, Cottonwood Group Provide $211M Construction Loan in N.J.",Project / Deal,,40,relationship_graph.csv,2,weak match / needs review
2026-07-20,20260720-235827-8318a794,Denver,Denver,Market / Region,,40,deal_pipeline.csv,1,weak match / needs review
2026-07-20,20260720-235827-8318a794,Denver,Denver,Market / Region,,40,relationship_graph.csv,1,weak match / needs review
2026-07-20,20260720-235827-8318a794,Denver / Colorado,Denver / Colorado,Market / Region,,40,articles.csv,2,weak match / needs review
2026-07-20,20260720-235827-8318a794,Denver / Colorado,Denver / Colorado,Market / Region,,40,deal_pipeline.csv,2,weak match / needs review
2026-07-20,20260720-235827-8318a794,Denver / Colorado,Denver / Colorado,Market / Region,,40,relationship_graph.csv,2,weak match / needs review
2026-07-20,20260720-235827-8318a794,Development Start - Other / Unknown - First Quarter 2026 Multifamily Construction Data,Development Start - Other / Unknown - First Quarter 2026 Multifamily Construction Data,Project / Deal,,40,relationship_graph.csv,2,weak match / needs review
2026-07-20,20260720-235827-8318a794,Development Start - Other / Unknown - Fourth Quarter 2025 Multifamily Construction Data,Development Start - Other / Unknown - Fourth Quarter 2025 Multifamily Construction Data,Project / Deal,,40,relationship_graph.csv,2,weak match / needs review
2026-07-20,20260720-235827-8318a794,Development Start - Other / Unknown - Missing Middle Weakness,Development Start - Other / Unknown - Missing Middle Weakness,Project / Deal,,40,relationship_graph.csv,2,weak match / needs review
2026-07-20,20260720-235827-8318a794,Development Start - Other / Unknown - Overall Housing Starts Inch Lower in 2025,Development Start - Other / Unknown - Overall Housing Starts Inch Lower in 2025,Project / Deal,,40,relationship_graph.csv,2,weak match / needs review
2026-07-20,20260720-235827-8318a794,Development Start - Other / Unknown - Third Quarter 2025 Multifamily Construction Data,Development Start - Other / Unknown - Third Quarter 2025 Multifamily Construction Data,Project / Deal,,40,relationship_graph.csv,2,weak match / needs review
2026-07-20,20260720-235827-8318a794,Disposition / Exit - Other / Unknown - ICON Real Estate Advisors Arranged the $4.1M Off-Market Sale of 25-Unit Apartment Building...,Disposition / Exit - Other / Unknown - ICON Real Estate Advisors Arranged the $4.1M Off-Market Sale of 25-Unit Apartment Building...,Project / Deal,,40,relationship_graph.csv,2,weak match / needs review
2026-07-20,20260720-235827-8318a794,Disposition / Exit - Other / Unknown - Kiser Group Brokers $12M Sale of Rogers Park Apartment Building,Disposition / Exit - Other / Unknown - Kiser Group Brokers $12M Sale of Rogers Park Apartment Building,Project / Deal,,40,relationship_graph.csv,2,weak match / needs review
2026-07-20,20260720-235827-8318a794,Disposition / Exit - Other / Unknown - NAHB HBGI: Micro Markets Lone Bright Spot for Single-Family Building in Fourth Quarter,Disposition / Exit - Other / Unknown - NAHB HBGI: Micro Markets Lone Bright Spot for Single-Family Building in Fourth Quarter,Project / Deal,,40,relationship_graph.csv,2,weak match / needs review
2026-07-20,20260720-235827-8318a794,Dunlop Capital Markets Real Estate,Dunlop Capital Markets Real Estate,Developer / GP,,40,gp_intelligence.csv,1,weak match / needs review
2026-07-20,20260720-235827-8318a794,Dunlop Capital Markets Real Estate,Dunlop Capital Markets Real Estate,Developer / GP,,40,institutional_relationships.csv,1,weak match / needs review
2026-07-20,20260720-235827-8318a794,Edgewater Rental Community S3 Capital,Edgewater Rental Community S3 Capital,Developer / GP,,40,gp_intelligence.csv,1,weak match / needs review
2026-07-20,20260720-235827-8318a794,Edgewater Rental Community S3 Capital,Edgewater Rental Community S3 Capital,Developer / GP,,40,institutional_relationships.csv,1,weak match / needs review
2026-07-20,20260720-235827-8318a794,Education Housing Partners,Education Housing Partners,Developer / GP,,40,gp_intelligence.csv,1,weak match / needs review
2026-07-20,20260720-235827-8318a794,Education Housing Partners,Education Housing Partners,Developer / GP,,40,institutional_relationships.csv,1,weak match / needs review
2026-07-20,20260720-235827-8318a794,Florida,Florida,Market / Region,,40,articles.csv,1,weak match / needs review
2026-07-20,20260720-235827-8318a794,Florida,Florida,Market / Region,,40,deal_pipeline.csv,1,weak match / needs review
2026-07-20,20260720-235827-8318a794,Florida,Florida,Market / Region,,40,regional_intelligence.csv,1,weak match / needs review
2026-07-20,20260720-235827-8318a794,Florida,Florida,Market / Region,,40,relationship_graph.csv,1,weak match / needs review
2026-07-20,20260720-235827-8318a794,Freddie Mac,Freddie Mac,Developer / GP,Freddie Mac,100,gp_intelligence.csv,1,exact canonical match
2026-07-20,20260720-235827-8318a794,Freddie Mac,Freddie Mac,Developer / GP,Freddie Mac,100,institutional_relationships.csv,1,exact canonical match
2026-07-20,20260720-235827-8318a794,freddie mac,Freddie Mac,Lender / Debt Provider,Freddie Mac,75,deal_pipeline.csv,1,case or punctuation normalized match
2026-07-20,20260720-235827-8318a794,freddie mac,Freddie Mac,Lender / Debt Provider,Freddie Mac,75,relationship_graph.csv,1,case or punctuation normalized match
2026-07-20,20260720-235827-8318a794,General Project Signal - Other / Unknown - 2026 Resident Experience Management Report,General Project Signal - Other / Unknown - 2026 Resident Experience Management Report,Project / Deal,,40,relationship_graph.csv,2,weak match / needs review
2026-07-20,20260720-235827-8318a794,General Project Signal - Other / Unknown - Apartment CMBS distress showed mixed signals in June: Trepp,General Project Signal - Other / Unknown - Apartment CMBS distress showed mixed signals in June: Trepp,Project / Deal,,40,relationship_graph.csv,2,weak match / needs review
2026-07-20,20260720-235827-8318a794,General Project Signal - Other / Unknown - Multifamily Absorption Rate Remains Below 50%,General Project Signal - Other / Unknown - Multifamily Absorption Rate Remains Below 50%,Project / Deal,,40,relationship_graph.csv,2,weak match / needs review
2026-07-20,20260720-235827-8318a794,"General Project Signal - Other / Unknown - Updated Illustrations For 2555 Flores Street, San Mateo","General Project Signal - Other / Unknown - Updated Illustrations For 2555 Flores Street, San Mateo",Project / Deal,,40,relationship_graph.csv,2,weak match / needs review
2026-07-20,20260720-235827-8318a794,General Project Signal - Texas - 525 apartments start to rise at 22107 S. Vermont Ave. in West Carson,General Project Signal - Texas - 525 apartments start to rise at 22107 S. Vermont Ave. in West Carson,Project / Deal,,40,relationship_graph.csv,1,weak match / needs review
2026-07-20,20260720-235827-8318a794,Greystone,Greystone,Developer / GP,Greystone,100,deal_pipeline.csv,1,exact canonical match
2026-07-20,20260720-235827-8318a794,Greystone,Greystone,Developer / GP,Greystone,100,gp_intelligence.csv,1,exact canonical match
2026-07-20,20260720-235827-8318a794,Greystone,Greystone,Developer / GP,Greystone,100,institutional_relationships.csv,1,exact canonical match
2026-07-20,20260720-235827-8318a794,Greystone,Greystone,Developer / GP,Greystone,100,relationship_graph.csv,2,exact canonical match
2026-07-20,20260720-235827-8318a794,Harrison Street Asset Management,Harrison Street Asset Management,Developer / GP,,40,gp_intelligence.csv,1,weak match / needs review
2026-07-20,20260720-235827-8318a794,Harrison Street Asset Management,Harrison Street Asset Management,Developer / GP,,40,institutional_relationships.csv,1,weak match / needs review
2026-07-20,20260720-235827-8318a794,Houston,Houston,Market / Region,,40,deal_pipeline.csv,2,weak match / needs review
2026-07-20,20260720-235827-8318a794,Houston,Houston,Market / Region,,40,relationship_graph.csv,2,weak match / needs review
2026-07-20,20260720-235827-8318a794,Houston / Texas,Houston / Texas,Market / Region,,40,articles.csv,2,weak match / needs review
2026-07-20,20260720-235827-8318a794,Houston / Texas,Houston / Texas,Market / Region,,40,deal_pipeline.csv,2,weak match / needs review
2026-07-20,20260720-235827-8318a794,Houston / Texas,Houston / Texas,Market / Region,,40,relationship_graph.csv,2,weak match / needs review
2026-07-20,20260720-235827-8318a794,ICON Real Estate Advisors,ICON Real Estate Advisors,Developer / GP,,40,gp_intelligence.csv,1,weak match / needs review
2026-07-20,20260720-235827-8318a794,ICON Real Estate Advisors,ICON Real Estate Advisors,Developer / GP,,40,institutional_relationships.csv,1,weak match / needs review
2026-07-20,20260720-235827-8318a794,IPA,IPA,Developer / GP,,40,deal_pipeline.csv,1,weak match / needs review
2026-07-20,20260720-235827-8318a794,IPA,IPA,Developer / GP,,40,gp_intelligence.csv,1,weak match / needs review
2026-07-20,20260720-235827-8318a794,IPA,IPA,Developer / GP,,40,institutional_relationships.csv,1,weak match / needs review
2026-07-20,20260720-235827-8318a794,IPA,IPA,Developer / GP,,40,relationship_graph.csv,3,weak match / needs review
2026-07-20,20260720-235827-8318a794,JLL,JLL,Developer / GP,JLL,100,deal_pipeline.csv,6,exact canonical match
2026-07-20,20260720-235827-8318a794,JLL,JLL,Developer / GP,JLL,100,gp_intelligence.csv,1,exact canonical match
2026-07-20,20260720-235827-8318a794,JLL,JLL,Developer / GP,JLL,100,institutional_relationships.csv,1,exact canonical match
2026-07-20,20260720-235827-8318a794,JLL,JLL,Developer / GP,JLL,100,relationship_graph.csv,19,exact canonical match
2026-07-20,20260720-235827-8318a794,jll,JLL,Lender / Debt Provider,JLL,75,deal_pipeline.csv,5,case or punctuation normalized match
2026-07-20,20260720-235827-8318a794,jll,JLL,Lender / Debt Provider,JLL,75,relationship_graph.csv,5,case or punctuation normalized match
2026-07-20,20260720-235827-8318a794,Acquisition - Texas - JLL Arranges $40.9M Acquisition Loan for Irving Apartment Complex,JLL,Project / Deal,JLL,60,relationship_graph.csv,1,partial match
2026-07-20,20260720-235827-8318a794,Construction Financing - Florida - JLL Secures $176.6M Construction Loan for Student Housing Development Near University of C...,JLL,Project / Deal,JLL,60,relationship_graph.csv,1,partial match
2026-07-20,20260720-235827-8318a794,General Project Signal - New York City / New York - JLL Arranges $617M in Total Capitalization for Grubb Properties,JLL,Project / Deal,JLL,60,relationship_graph.csv,1,partial match
2026-07-20,20260720-235827-8318a794,JPI,JPI,Developer / GP,,40,deal_pipeline.csv,2,weak match / needs review
2026-07-20,20260720-235827-8318a794,JPI,JPI,Developer / GP,,40,gp_intelligence.csv,1,weak match / needs review
2026-07-20,20260720-235827-8318a794,JPI,JPI,Developer / GP,,40,institutional_relationships.csv,1,weak match / needs review
2026-07-20,20260720-235827-8318a794,JPI,JPI,Developer / GP,,40,relationship_graph.csv,4,weak match / needs review
2026-07-20,20260720-235827-8318a794,Kiser Group,Kiser Group,Developer / GP,,40,gp_intelligence.csv,1,weak match / needs review
2026-07-20,20260720-235827-8318a794,Kiser Group,Kiser Group,Developer / GP,,40,institutional_relationships.csv,1,weak match / needs review
2026-07-20,20260720-235827-8318a794,Atlanta / Georgia,Los Angeles,Market / Region,LA,60,articles.csv,6,partial match
2026-07-20,20260720-235827-8318a794,Atlanta / Georgia,Los Angeles,Market / Region,LA,60,deal_pipeline.csv,6,partial match
2026-07-20,20260720-235827-8318a794,Atlanta / Georgia,Los Angeles,Market / Region,LA,60,relationship_graph.csv,6,partial match
2026-07-20,20260720-235827-8318a794,Dallas / Texas,Los Angeles,Market / Region,LA,60,articles.csv,3,partial match
2026-07-20,20260720-235827-8318a794,Dallas / Texas,Los Angeles,Market / Region,LA,60,deal_pipeline.csv,2,partial match
2026-07-20,20260720-235827-8318a794,Dallas / Texas,Los Angeles,Market / Region,LA,60,relationship_graph.csv,2,partial match
2026-07-20,20260720-235827-8318a794,Los Angeles,Los Angeles,Market / Region,Los Angeles,100,deal_pipeline.csv,8,exact canonical match
2026-07-20,20260720-235827-8318a794,Los Angeles,Los Angeles,Market / Region,Los Angeles,100,regional_intelligence.csv,1,exact canonical match
2026-07-20,20260720-235827-8318a794,Los Angeles,Los Angeles,Market / Region,Los Angeles,100,relationship_graph.csv,8,exact canonical match
2026-07-20,20260720-235827-8318a794,Los Angeles / California,Los Angeles,Market / Region,Los Angeles,60,articles.csv,9,partial match
2026-07-20,20260720-235827-8318a794,Los Angeles / California,Los Angeles,Market / Region,Los Angeles,60,deal_pipeline.csv,8,partial match
2026-07-20,20260720-235827-8318a794,Los Angeles / California,Los Angeles,Market / Region,Los Angeles,60,relationship_graph.csv,8,partial match
2026-07-20,20260720-235827-8318a794,Acquisition - Atlanta / Georgia - Lion Real Estate Picks Up Atlanta Apartments for $51M,Los Angeles,Project / Deal,LA,60,relationship_graph.csv,2,partial match
2026-07-20,20260720-235827-8318a794,Acquisition - Atlanta / Georgia - Raleigh Developer to Start Work on 269-Unit Rental Community,Los Angeles,Project / Deal,LA,60,relationship_graph.csv,2,partial match
2026-07-20,20260720-235827-8318a794,Acquisition - Dallas / Texas - S2 Capital Offloads 229-Unit Plano Rental Community,Los Angeles,Project / Deal,LA,60,relationship_graph.csv,2,partial match
2026-07-20,20260720-235827-8318a794,"Acquisition - Miami / Florida - Avalon Bay Planning Apartments, Retail in South Miami",Los Angeles,Project / Deal,LA,60,relationship_graph.csv,1,partial match
2026-07-20,20260720-235827-8318a794,Acquisition - Other / Unknown - MG Properties Acquires 188-Unit Apartment Complex in Portland,Los Angeles,Project / Deal,LA,60,relationship_graph.csv,1,partial match
2026-07-20,20260720-235827-8318a794,BTR / Build-to-Rent - Atlanta / Georgia - New Housing Law To Send Institutional Investors Flocking To Build-To-Rent,Los Angeles,Project / Deal,LA,60,relationship_graph.csv,2,partial match
2026-07-20,20260720-235827-8318a794,"BTR / Build-to-Rent - Dallas / Texas - Core Spaces, Harrison Street Score Refi on Princeton BTR Community",Los Angeles,Project / Deal,LA,60,relationship_graph.csv,2,partial match
2026-07-20,20260720-235827-8318a794,BTR / Build-to-Rent - National - Investor Launching $100M BTR Fund To Capitalize On Opportunity From Housing Bill,Los Angeles,Project / Deal,LA,60,relationship_graph.csv,1,partial match
2026-07-20,20260720-235827-8318a794,BTR / Build-to-Rent - Tampa / Florida - ARK Homes For Rent Launches Leasing at Somerset Cove in Tampa,Los Angeles,Project / Deal,LA,60,relationship_graph.csv,2,partial match
2026-07-20,20260720-235827-8318a794,Construction Financing - Houston / Texas - Concord Summit Capital Arranges $28M in Financing for The Albritton Near Houston Texas,Los Angeles,Project / Deal,LA,60,relationship_graph.csv,2,partial match
2026-07-20,20260720-235827-8318a794,"Construction Financing - Miami / Florida - Fort Lauderdale Developer Inks Financing for Condos, Apartments, Retail",Los Angeles,Project / Deal,LA,60,relationship_graph.csv,1,partial match
2026-07-20,20260720-235827-8318a794,"Construction Financing - Miami / Florida - Witkoff, Monroe Capital Land $302M Construction Loan for Downtown Miami Rental",Los Angeles,Project / Deal,LA,60,relationship_graph.csv,2,partial match
2026-07-20,20260720-235827-8318a794,Development Start - Atlanta / Georgia - Financing Secured for Centennial Yards Mixed-Use Project,Los Angeles,Project / Deal,LA,60,relationship_graph.csv,1,partial match
2026-07-20,20260720-235827-8318a794,Development Start - Los Angeles / California - Logos Faith Development Unveils Accelerated Growth Pipeline of Affordable Housing Developm...,Los Angeles,Project / Deal,Los Angeles,60,relationship_graph.csv,2,partial match
2026-07-20,20260720-235827-8318a794,Disposition / Exit - Atlanta / Georgia - Graycliff Capital Offloads Two Augusta Apartment Communities,Los Angeles,Project / Deal,LA,60,relationship_graph.csv,1,partial match
2026-07-20,20260720-235827-8318a794,Disposition / Exit - Los Angeles / California - Prime Residential Pays $51M for Miracle Mile Apartments,Los Angeles,Project / Deal,Los Angeles,60,relationship_graph.csv,1,partial match
2026-07-20,20260720-235827-8318a794,Disposition / Exit - Other / Unknown - Newly Built Lake Oswego Oregon Multifamily Apartment Property Trades,Los Angeles,Project / Deal,LA,60,relationship_graph.csv,1,partial match
2026-07-20,20260720-235827-8318a794,Entitlement / Permitting - Los Angeles / California - Apartments under construction at 5547 N. Elmer Ave. in North Hollywood,Los Angeles,Project / Deal,Los Angeles,60,relationship_graph.csv,2,partial match
2026-07-20,20260720-235827-8318a794,Entitlement / Permitting - Los Angeles / California - New plan for housing approved at 4741 Libbit Ave. in Encino,Los Angeles,Project / Deal,Los Angeles,60,relationship_graph.csv,2,partial match
2026-07-20,20260720-235827-8318a794,"Entitlement / Permitting - Other / Unknown - Financing Approved For Oak Hill Apartments in San Quentin, Marin County",Los Angeles,Project / Deal,LA,60,relationship_graph.csv,2,partial match
2026-07-20,20260720-235827-8318a794,"Entitlement / Permitting - Santa Monica / California - LAX people mover lawsuit, Santa Monica's SB 79 plan, and more",Los Angeles,Project / Deal,LA,60,relationship_graph.csv,2,partial match
2026-07-20,20260720-235827-8318a794,Entitlement / Permitting - Southeast - Construction goes vertical for mixed-use project at at 400 San Vicente Blvd.,Los Angeles,Project / Deal,San Vicente,60,relationship_graph.csv,1,partial match
2026-07-20,20260720-235827-8318a794,General Project Signal - Atlanta / Georgia - Developer Duo Adding 350 Apartments to Dunwoody Mixed-Use Project,Los Angeles,Project / Deal,LA,60,relationship_graph.csv,2,partial match
2026-07-20,20260720-235827-8318a794,General Project Signal - Los Angeles / California - Renderings Revealed: $2.2-billion senior housing complex in Warner Center,Los Angeles,Project / Deal,Los Angeles,60,relationship_graph.csv,2,partial match
2026-07-20,20260720-235827-8318a794,General Project Signal - Los Angeles / California - Wellpointe Plans $2B Affordable Senior Living Complex in Warner Center,Los Angeles,Project / Deal,Los Angeles,60,relationship_graph.csv,2,partial match
2026-07-20,20260720-235827-8318a794,General Project Signal - Los Angeles / California - Wellpointe to Develop $2B Affordable Seniors Housing Campus in Los Angeles,Los Angeles,Project / Deal,Los Angeles,60,relationship_graph.csv,2,partial match
2026-07-20,20260720-235827-8318a794,General Project Signal - Other / Unknown - WinnCos. Begins $33M Renovation of Affordable Housing Property in Atlantic City,Los Angeles,Project / Deal,LA,60,relationship_graph.csv,2,partial match
2026-07-20,20260720-235827-8318a794,"JV / Partnership - Los Angeles / California - CIM Group, Hulic Acquire West Hollywood Apartment Property",Los Angeles,Project / Deal,Los Angeles,60,relationship_graph.csv,1,partial match
2026-07-20,20260720-235827-8318a794,"JV / Partnership - San Francisco / California - Phase One of Treasure Island Redevelopment Opens, San Francisco",Los Angeles,Project / Deal,LA,60,relationship_graph.csv,2,partial match
2026-07-20,20260720-235827-8318a794,"Office-to-Residential Conversion - San Francisco / California - Plans Surface For Residential Conversion at 2401 16th Street, San Francisco",Los Angeles,Project / Deal,LA,60,relationship_graph.csv,2,partial match
2026-07-20,20260720-235827-8318a794,Refinancing - Austin / Texas - Flournoy Properties Lands $46.5M Refi on Leander Rental Asset,Los Angeles,Project / Deal,LA,60,relationship_graph.csv,1,partial match
2026-07-20,20260720-235827-8318a794,Madison Realty Capital,Madison Realty Capital,Developer / GP,,40,gp_intelligence.csv,1,weak match / needs review
2026-07-20,20260720-235827-8318a794,Madison Realty Capital,Madison Realty Capital,Developer / GP,,40,institutional_relationships.csv,1,weak match / needs review
2026-07-20,20260720-235827-8318a794,Marcus & Millichap,Marcus & Millichap,Developer / GP,,40,deal_pipeline.csv,3,weak match / needs review
2026-07-20,20260720-235827-8318a794,Marcus & Millichap,Marcus & Millichap,Developer / GP,,40,gp_intelligence.csv,1,weak match / needs review
2026-07-20,20260720-235827-8318a794,Marcus & Millichap,Marcus & Millichap,Developer / GP,,40,institutional_relationships.csv,1,weak match / needs review
2026-07-20,20260720-235827-8318a794,Marcus & Millichap,Marcus & Millichap,Developer / GP,,40,relationship_graph.csv,9,weak match / needs review
2026-07-20,20260720-235827-8318a794,Meridian Capital Group,Meridian Capital Group,Developer / GP,,40,gp_intelligence.csv,1,weak match / needs review
2026-07-20,20260720-235827-8318a794,Meridian Capital Group,Meridian Capital Group,Developer / GP,,40,institutional_relationships.csv,1,weak match / needs review
2026-07-20,20260720-235827-8318a794,Mike Boyd S2 Capital,Mike Boyd S2 Capital,Developer / GP,,40,gp_intelligence.csv,1,weak match / needs review
2026-07-20,20260720-235827-8318a794,Mike Boyd S2 Capital,Mike Boyd S2 Capital,Developer / GP,,40,institutional_relationships.csv,1,weak match / needs review
2026-07-20,20260720-235827-8318a794,"Milhaus Merges with SRG Residential, Will","Milhaus Merges with SRG Residential, Will",Developer / GP,,40,gp_intelligence.csv,1,weak match / needs review
2026-07-20,20260720-235827-8318a794,"Milhaus Merges with SRG Residential, Will","Milhaus Merges with SRG Residential, Will",Developer / GP,,40,institutional_relationships.csv,1,weak match / needs review
2026-07-20,20260720-235827-8318a794,Monroe Capital,Monroe Capital,Developer / GP,,40,gp_intelligence.csv,1,weak match / needs review
2026-07-20,20260720-235827-8318a794,Monroe Capital,Monroe Capital,Developer / GP,,40,institutional_relationships.csv,1,weak match / needs review
2026-07-20,20260720-235827-8318a794,National,National,Market / Region,,40,articles.csv,9,weak match / needs review
2026-07-20,20260720-235827-8318a794,National,National,Market / Region,,40,deal_pipeline.csv,2,weak match / needs review
2026-07-20,20260720-235827-8318a794,National,National,Market / Region,,40,relationship_graph.csv,1,weak match / needs review
2026-07-20,20260720-235827-8318a794,National / Other,National / Other,Market / Region,,40,regional_intelligence.csv,1,weak match / needs review
2026-07-20,20260720-235827-8318a794,Manhattan,New York,Market / Region,Manhattan,75,deal_pipeline.csv,2,case or punctuation normalized match
2026-07-20,20260720-235827-8318a794,Manhattan,New York,Market / Region,Manhattan,75,relationship_graph.csv,2,case or punctuation normalized match
2026-07-20,20260720-235827-8318a794,New York,New York,Market / Region,New York,100,regional_intelligence.csv,1,exact canonical match
2026-07-20,20260720-235827-8318a794,New York City / New York,New York,Market / Region,New York,60,articles.csv,3,partial match
2026-07-20,20260720-235827-8318a794,New York City / New York,New York,Market / Region,New York,60,deal_pipeline.csv,3,partial match
2026-07-20,20260720-235827-8318a794,New York City / New York,New York,Market / Region,New York,60,relationship_graph.csv,3,partial match
2026-07-20,20260720-235827-8318a794,Nyc,New York,Market / Region,NYC,75,deal_pipeline.csv,1,case or punctuation normalized match
2026-07-20,20260720-235827-8318a794,Nyc,New York,Market / Region,NYC,75,relationship_graph.csv,1,case or punctuation normalized match
2026-07-20,20260720-235827-8318a794,Disposition / Exit - New York City / New York - Free-Market NoHo Apartments Generate Strong Buyer Demand,New York,Project / Deal,New York,60,relationship_graph.csv,1,partial match
2026-07-20,20260720-235827-8318a794,Office-to-Residential Conversion - New York City / New York - Project type ‘more than likely’ contributed to structural failure in NYC: ASCE engineer,New York,Project / Deal,New York,60,relationship_graph.csv,2,partial match
2026-07-20,20260720-235827-8318a794,Other / Unknown,Other / Unknown,Market / Region,,40,articles.csv,26,weak match / needs review
2026-07-20,20260720-235827-8318a794,Other / Unknown,Other / Unknown,Market / Region,,40,deal_pipeline.csv,21,weak match / needs review
2026-07-20,20260720-235827-8318a794,Refinancing - Other / Unknown - Harrison Street Provides Loan for Refinancing of 547-Bed Student Housing Community Near Bo...,Refinancing - Other / Unknown - Harrison Street Provides Loan for Refinancing of 547-Bed Student Housing Community Near Bo...,Project / Deal,,40,relationship_graph.csv,2,weak match / needs review
2026-07-20,20260720-235827-8318a794,Riverside,Riverside,Market / Region,,40,deal_pipeline.csv,1,weak match / needs review
2026-07-20,20260720-235827-8318a794,Riverside,Riverside,Market / Region,,40,relationship_graph.csv,1,weak match / needs review
2026-07-20,20260720-235827-8318a794,San Francisco,San Francisco,Market / Region,,40,deal_pipeline.csv,3,weak match / needs review
2026-07-20,20260720-235827-8318a794,San Francisco,San Francisco,Market / Region,,40,relationship_graph.csv,3,weak match / needs review
2026-07-20,20260720-235827-8318a794,Santa Monica,Santa Monica,Market / Region,,40,deal_pipeline.csv,1,weak match / needs review
2026-07-20,20260720-235827-8318a794,Santa Monica,Santa Monica,Market / Region,,40,relationship_graph.csv,1,weak match / needs review
2026-07-20,20260720-235827-8318a794,Seattle,Seattle,Market / Region,,40,regional_intelligence.csv,1,weak match / needs review
2026-07-20,20260720-235827-8318a794,South Florida,South Florida,Market / Region,,40,deal_pipeline.csv,5,weak match / needs review
2026-07-20,20260720-235827-8318a794,South Florida,South Florida,Market / Region,,40,relationship_graph.csv,5,weak match / needs review
2026-07-20,20260720-235827-8318a794,Southeast,Southeast,Market / Region,,40,articles.csv,1,weak match / needs review
2026-07-20,20260720-235827-8318a794,Southeast,Southeast,Market / Region,,40,deal_pipeline.csv,2,weak match / needs review
2026-07-20,20260720-235827-8318a794,Southeast,Southeast,Market / Region,,40,regional_intelligence.csv,1,weak match / needs review
2026-07-20,20260720-235827-8318a794,Southeast,Southeast,Market / Region,,40,relationship_graph.csv,1,weak match / needs review
2026-07-20,20260720-235827-8318a794,Atlanta,Sun Belt,Market / Region,Atlanta,75,deal_pipeline.csv,6,case or punctuation normalized match
2026-07-20,20260720-235827-8318a794,Atlanta,Sun Belt,Market / Region,Atlanta,75,relationship_graph.csv,6,case or punctuation normalized match
2026-07-20,20260720-235827-8318a794,Austin,Sun Belt,Market / Region,Austin,75,deal_pipeline.csv,1,case or punctuation normalized match
2026-07-20,20260720-235827-8318a794,Austin,Sun Belt,Market / Region,Austin,75,regional_intelligence.csv,1,case or punctuation normalized match
2026-07-20,20260720-235827-8318a794,Austin,Sun Belt,Market / Region,Austin,75,relationship_graph.csv,1,case or punctuation normalized match
2026-07-20,20260720-235827-8318a794,Austin / Texas,Sun Belt,Market / Region,Austin,60,articles.csv,1,partial match
2026-07-20,20260720-235827-8318a794,Austin / Texas,Sun Belt,Market / Region,Austin,60,deal_pipeline.csv,1,partial match
2026-07-20,20260720-235827-8318a794,Austin / Texas,Sun Belt,Market / Region,Austin,60,relationship_graph.csv,1,partial match
2026-07-20,20260720-235827-8318a794,Dallas,Sun Belt,Market / Region,Dallas,75,deal_pipeline.csv,2,case or punctuation normalized match
2026-07-20,20260720-235827-8318a794,Dallas,Sun Belt,Market / Region,Dallas,75,regional_intelligence.csv,1,case or punctuation normalized match
2026-07-20,20260720-235827-8318a794,Dallas,Sun Belt,Market / Region,Dallas,75,relationship_graph.csv,2,case or punctuation normalized match
2026-07-20,20260720-235827-8318a794,Miami,Sun Belt,Market / Region,Miami,75,deal_pipeline.csv,1,case or punctuation normalized match
2026-07-20,20260720-235827-8318a794,Miami,Sun Belt,Market / Region,Miami,75,relationship_graph.csv,1,case or punctuation normalized match
2026-07-20,20260720-235827-8318a794,Miami / Florida,Sun Belt,Market / Region,Miami,60,articles.csv,7,partial match
2026-07-20,20260720-235827-8318a794,Miami / Florida,Sun Belt,Market / Region,Miami,60,deal_pipeline.csv,6,partial match
2026-07-20,20260720-235827-8318a794,Miami / Florida,Sun Belt,Market / Region,Miami,60,relationship_graph.csv,6,partial match
2026-07-20,20260720-235827-8318a794,Nashville / Tennessee,Sun Belt,Market / Region,Nashville,60,articles.csv,1,partial match
2026-07-20,20260720-235827-8318a794,Nashville / Tennessee,Sun Belt,Market / Region,Nashville,60,deal_pipeline.csv,1,partial match
2026-07-20,20260720-235827-8318a794,Nashville / Tennessee,Sun Belt,Market / Region,Nashville,60,relationship_graph.csv,1,partial match
2026-07-20,20260720-235827-8318a794,Orlando,Sun Belt,Market / Region,Orlando,75,deal_pipeline.csv,1,case or punctuation normalized match
2026-07-20,20260720-235827-8318a794,Orlando,Sun Belt,Market / Region,Orlando,75,relationship_graph.csv,1,case or punctuation normalized match
2026-07-20,20260720-235827-8318a794,Phoenix,Sun Belt,Market / Region,Phoenix,75,deal_pipeline.csv,3,case or punctuation normalized match
2026-07-20,20260720-235827-8318a794,Phoenix,Sun Belt,Market / Region,Phoenix,75,regional_intelligence.csv,1,case or punctuation normalized match
2026-07-20,20260720-235827-8318a794,Phoenix,Sun Belt,Market / Region,Phoenix,75,relationship_graph.csv,3,case or punctuation normalized match
2026-07-20,20260720-235827-8318a794,Phoenix / Arizona,Sun Belt,Market / Region,Phoenix,60,articles.csv,3,partial match
2026-07-20,20260720-235827-8318a794,Phoenix / Arizona,Sun Belt,Market / Region,Phoenix,60,deal_pipeline.csv,3,partial match
2026-07-20,20260720-235827-8318a794,Phoenix / Arizona,Sun Belt,Market / Region,Phoenix,60,relationship_graph.csv,3,partial match
2026-07-20,20260720-235827-8318a794,Sun Belt,Sun Belt,Market / Region,Sun Belt,100,articles.csv,1,exact canonical match
2026-07-20,20260720-235827-8318a794,Sun Belt,Sun Belt,Market / Region,Sun Belt,100,regional_intelligence.csv,1,exact canonical match
2026-07-20,20260720-235827-8318a794,Tampa,Sun Belt,Market / Region,Tampa,75,deal_pipeline.csv,1,case or punctuation normalized match
2026-07-20,20260720-235827-8318a794,Tampa,Sun Belt,Market / Region,Tampa,75,relationship_graph.csv,1,case or punctuation normalized match
2026-07-20,20260720-235827-8318a794,Tampa / Florida,Sun Belt,Market / Region,Tampa,60,articles.csv,1,partial match
2026-07-20,20260720-235827-8318a794,Tampa / Florida,Sun Belt,Market / Region,Tampa,60,deal_pipeline.csv,1,partial match
2026-07-20,20260720-235827-8318a794,Tampa / Florida,Sun Belt,Market / Region,Tampa,60,relationship_graph.csv,1,partial match
2026-07-20,20260720-235827-8318a794,Acquisition - Phoenix / Arizona - 320-Unit Gilbert Apartment Community Trades to Camden,Sun Belt,Project / Deal,Phoenix,60,relationship_graph.csv,1,partial match
2026-07-20,20260720-235827-8318a794,Construction Financing - Miami / Florida - LCOR Inks $192.5M Construction Loan for Biscayne Bay Apartments,Sun Belt,Project / Deal,Miami,60,relationship_graph.csv,2,partial match
2026-07-20,20260720-235827-8318a794,Construction Financing - Miami / Florida - S3 Originates $111M Construction Loan for Edgewater Rental Community,Sun Belt,Project / Deal,Miami,60,relationship_graph.csv,1,partial match
2026-07-20,20260720-235827-8318a794,Disposition / Exit - Phoenix / Arizona - Rise48 Equity Acquires N. Phoenix Rental Community,Sun Belt,Project / Deal,Phoenix,60,relationship_graph.csv,3,partial match
2026-07-20,20260720-235827-8318a794,Entitlement / Permitting - Miami / Florida - West Palm Beach Eyeing Waterfront Rezoning Moratorium,Sun Belt,Project / Deal,Miami,60,relationship_graph.csv,2,partial match
2026-07-20,20260720-235827-8318a794,General Project Signal - Nashville / Tennessee - Albion Delivers 458-Unit Residential Community in Midtown Nashville,Sun Belt,Project / Deal,Nashville,60,relationship_graph.csv,2,partial match
2026-07-20,20260720-235827-8318a794,Refinancing - Phoenix / Arizona - JV Snags Refi on Tempe Student Housing Community,Sun Belt,Project / Deal,Phoenix,60,relationship_graph.csv,2,partial match
2026-07-20,20260720-235827-8318a794,Tennessee,Tennessee,Market / Region,,40,deal_pipeline.csv,1,weak match / needs review
2026-07-20,20260720-235827-8318a794,Tennessee,Tennessee,Market / Region,,40,relationship_graph.csv,1,weak match / needs review
2026-07-20,20260720-235827-8318a794,Texas,Texas,Market / Region,,40,articles.csv,3,weak match / needs review
2026-07-20,20260720-235827-8318a794,Texas,Texas,Market / Region,,40,deal_pipeline.csv,4,weak match / needs review
2026-07-20,20260720-235827-8318a794,Texas,Texas,Market / Region,,40,regional_intelligence.csv,1,weak match / needs review
2026-07-20,20260720-235827-8318a794,Texas,Texas,Market / Region,,40,relationship_graph.csv,2,weak match / needs review
2026-07-20,20260720-235827-8318a794,Unknown,Unknown,Developer / GP,,40,deal_pipeline.csv,47,unknown entity needs review
2026-07-20,20260720-235827-8318a794,Unknown,Unknown,Institutional Capital,,40,deal_pipeline.csv,65,unknown entity needs review
2026-07-20,20260720-235827-8318a794,Unknown,Unknown,Lender / Debt Provider,,40,deal_pipeline.csv,57,unknown entity needs review
2026-07-20,20260720-235827-8318a794,Unknown,Unknown,Market / Region,,40,deal_pipeline.csv,21,unknown entity needs review
2026-07-20,20260720-235827-8318a794,Valley National Bank,Valley National Bank,Developer / GP,,40,gp_intelligence.csv,1,weak match / needs review
2026-07-20,20260720-235827-8318a794,Valley National Bank,Valley National Bank,Developer / GP,,40,institutional_relationships.csv,1,weak match / needs review
2026-07-20,20260720-235827-8318a794,Virginia,Virginia,Market / Region,,40,deal_pipeline.csv,2,weak match / needs review
2026-07-20,20260720-235827-8318a794,Virginia,Virginia,Market / Region,,40,relationship_graph.csv,2,weak match / needs review
2026-07-20,20260720-235827-8318a794,Walker & Dunlop,Walker & Dunlop,Developer / GP,,40,gp_intelligence.csv,1,weak match / needs review
2026-07-20,20260720-235827-8318a794,Walker & Dunlop,Walker & Dunlop,Developer / GP,,40,institutional_relationships.csv,1,weak match / needs review
2026-07-20,20260720-235827-8318a794,Washington DC,Washington DC,Market / Region,,40,articles.csv,1,weak match / needs review
2026-07-20,20260720-235827-8318a794,Washington DC,Washington DC,Market / Region,,40,deal_pipeline.csv,1,weak match / needs review
2026-07-20,20260720-235827-8318a794,Washington DC,Washington DC,Market / Region,,40,relationship_graph.csv,1,weak match / needs review
2026-07-20,20260720-235827-8318a794,avalonbay,avalonbay,Institutional Capital,,40,deal_pipeline.csv,1,weak match / needs review
2026-07-20,20260720-235827-8318a794,avalonbay,avalonbay,Institutional Capital,,40,relationship_graph.csv,1,weak match / needs review
2026-07-20,20260720-235827-8318a794,camden,camden,Institutional Capital,,40,deal_pipeline.csv,1,weak match / needs review
2026-07-20,20260720-235827-8318a794,camden,camden,Institutional Capital,,40,relationship_graph.csv,1,weak match / needs review
2026-07-20,20260720-235827-8318a794,cushman,cushman,Lender / Debt Provider,,40,deal_pipeline.csv,1,weak match / needs review
2026-07-20,20260720-235827-8318a794,cushman,cushman,Lender / Debt Provider,,40,relationship_graph.csv,1,weak match / needs review
2026-07-20,20260720-235827-8318a794,essex,essex,Institutional Capital,,40,deal_pipeline.csv,1,weak match / needs review
2026-07-20,20260720-235827-8318a794,essex,essex,Institutional Capital,,40,relationship_graph.csv,1,weak match / needs review
2026-07-20,20260720-235827-8318a794,northmarq,northmarq,Lender / Debt Provider,,40,deal_pipeline.csv,1,weak match / needs review
2026-07-20,20260720-235827-8318a794,northmarq,northmarq,Lender / Debt Provider,,40,relationship_graph.csv,1,weak match / needs review
2026-07-20,20260720-235827-8318a794,walker & dunlop,walker & dunlop,Lender / Debt Provider,,40,deal_pipeline.csv,1,weak match / needs review
2026-07-20,20260720-235827-8318a794,walker & dunlop,walker & dunlop,Lender / Debt Provider,,40,relationship_graph.csv,1,weak match / needs review
