run_date,run_id,signal_quality_id,canonical_project_id,canonical_project_name,market,submarket,gp_or_developer,residential_sector,source_quality_score,multi_source_confirmation_score,specificity_score,lifecycle_consistency_score,persistence_score,overall_signal_quality_score,signal_quality_label,institutional_confidence_label,false_positive_risk,signal_decay_risk,supporting_source_count,recurring_observation_count,lifecycle_consistency_flag,multi_source_confirmation_flag,recommended_signal_action,evidence_summary,confidence_reason
2026-06-23,20260623-000752-0e6f5f71,SQ-20260623-006,PRJ-20260623-0139,Disposition / Exit - Phoenix / Arizona - Quarterra Sells 290-Unit Kierland Rental Asset,Unknown,Phoenix,Quarterra,Apartment,95,100,85,95,99,95,Institutional Grade,Strong Institutional Signal,Very Low,Persistent,5,5,Consistent,Confirmed,Immediate strategic review,"5 source file(s), 5 observation(s), latest stage Site Acquisition / Site Control, identity confidence 100",multi-source confirmation; persistent observations; specific project / sponsor / location clues
2026-06-23,20260623-000752-0e6f5f71,SQ-20260623-016,PRJ-20260623-0053,"Recapitalization - California - PEF Advisors, Freestone Capital Form JV to Recapitalize Affordable Properties",California,California,PEF Advisors,Affordable Housing,95,100,85,95,93,94,Institutional Grade,Strong Institutional Signal,Very Low,Persistent,10,11,Consistent,Confirmed,Immediate strategic review,"10 source file(s), 11 observation(s), latest stage Refinancing / Recapitalization, identity confidence 100",multi-source confirmation; persistent observations; specific project / sponsor / location clues
2026-06-23,20260623-000752-0e6f5f71,SQ-20260623-003,PRJ-20260623-0064,Refinancing - Dallas / Texas - Berkadia Arranges $124.65M Refinancing of Mixed-Use Multifamily Community in Dallas-Fort W...,Unknown,Dallas,Harbor Group International,Mixed-Use Residential,95,100,95,75,100,93,Institutional Grade,Strong Institutional Signal,Very Low,Persistent,5,5,Consistent,Confirmed,Immediate strategic review,"5 source file(s), 5 observation(s), latest stage Refinancing / Recapitalization, identity confidence 100",multi-source confirmation; persistent observations; specific project / sponsor / location clues
2026-06-23,20260623-000752-0e6f5f71,SQ-20260623-002,PRJ-20260623-0063,Refinancing - Dallas / Texas - Blackstone Provides $125M Refi for Dallas-Area Multifamily Mixed-Use Complex,Unknown,Dallas,Blackstone,Mixed-Use Residential,95,100,95,75,100,93,Institutional Grade,Strong Institutional Signal,Very Low,Persistent,5,5,Consistent,Confirmed,Immediate strategic review,"5 source file(s), 5 observation(s), latest stage Refinancing / Recapitalization, identity confidence 100",multi-source confirmation; persistent observations; specific project / sponsor / location clues
2026-06-23,20260623-000752-0e6f5f71,SQ-20260623-017,PRJ-20260623-0116,Disposition / Exit - New York - Mott Haven Development Site Set for One or More Residential Buildings,New York,New York,JLL,Apartment,95,100,95,75,92,92,Institutional Grade,Strong Institutional Signal,Very Low,Persistent,7,11,Consistent,Confirmed,Immediate strategic review,"7 source file(s), 11 observation(s), latest stage Site Acquisition / Site Control, identity confidence 100",multi-source confirmation; persistent observations; specific project / sponsor / location clues
2026-06-23,20260623-000752-0e6f5f71,SQ-20260623-001,PRJ-20260623-0051,"Construction Financing - California - JLL Arranges Debt, Equity for Luxury Condo Development in Downtown Lafayette",California,California,JLL,Apartment,95,100,95,60,100,91,Institutional Grade,Strong Institutional Signal,Very Low,Persistent,10,22,Needs Review,Confirmed,Immediate strategic review,"10 source file(s), 22 observation(s), latest stage Unknown Stage, identity confidence 100",multi-source confirmation; persistent observations; specific project / sponsor / location clues
2026-06-23,20260623-000752-0e6f5f71,SQ-20260623-005,PRJ-20260623-0049,Disposition / Exit - California - Former Bank Branch Positioned as Development Opportunity in Garden Grove Sale,California,California,CBRE,Apartment,95,100,95,60,100,91,Institutional Grade,Strong Institutional Signal,Very Low,Persistent,9,22,Needs Review,Confirmed,Immediate strategic review,"9 source file(s), 22 observation(s), latest stage Unknown Stage, identity confidence 100",multi-source confirmation; persistent observations; specific project / sponsor / location clues
2026-06-23,20260623-000752-0e6f5f71,SQ-20260623-004,PRJ-20260623-0092,Refinancing - Los Angeles / California - IPA Capital Market Arranges $123M Refinance for Burlingame California Luxury Multifamily P...,California,Los Angeles,IPA,Multifamily,95,100,85,75,100,91,Institutional Grade,Strong Institutional Signal,Very Low,Persistent,6,7,Consistent,Confirmed,Immediate strategic review,"6 source file(s), 7 observation(s), latest stage Refinancing / Recapitalization, identity confidence 100",multi-source confirmation; persistent observations; specific project / sponsor / location clues
2026-06-23,20260623-000752-0e6f5f71,SQ-20260623-010,PRJ-20260623-0055,Disposition / Exit - California - Former IHOP Site in Pacific Beach Trades as Redevelopment Opportunity,California,California,Unknown,Multifamily,95,100,70,75,99,88,Institutional Grade,Strong Institutional Signal,Very Low,Persistent,6,14,Consistent,Confirmed,Immediate strategic review,"6 source file(s), 14 observation(s), latest stage Site Acquisition / Site Control, identity confidence 80",multi-source confirmation; persistent observations; specific project / sponsor / location clues
2026-06-23,20260623-000752-0e6f5f71,SQ-20260623-008,PRJ-20260623-0052,Disposition / Exit - San Francisco / California - Levin Johnston Arranges Two Sales on San Francisco Peninsula,California,California,Marcus & Millichap,Apartment,95,100,85,60,98,88,Institutional Grade,Strong Institutional Signal,Very Low,Persistent,5,5,Needs Review,Confirmed,Immediate strategic review,"5 source file(s), 5 observation(s), latest stage Unknown Stage, identity confidence 100",multi-source confirmation; persistent observations; specific project / sponsor / location clues
2026-06-23,20260623-000752-0e6f5f71,SQ-20260623-014,PRJ-20260623-0108,BTR / Build-to-Rent - National - Senate Advances Housing Bill As BTR Advocates Seek Clarity,Unknown,National,IPA,BTR / Single-Family Rental,95,100,85,60,95,88,Institutional Grade,Strong Institutional Signal,Very Low,Persistent,8,9,Needs Review,Confirmed,Immediate strategic review,"8 source file(s), 9 observation(s), latest stage Unknown Stage, identity confidence 100",multi-source confirmation; persistent observations; specific project / sponsor / location clues
2026-06-23,20260623-000752-0e6f5f71,SQ-20260623-033,PRJ-20260623-0103,Construction Financing - Miami / Florida - Developer Duo Closes on $67.5M Financing for Coral Gables Condos,Miami / Florida,Unknown,Berkadia,Apartment,80,100,85,95,81,88,Institutional Grade,Strong Institutional Signal,Very Low,Persistent,6,9,Consistent,Confirmed,Immediate strategic review,"6 source file(s), 9 observation(s), latest stage Refinancing / Recapitalization, identity confidence 100",multi-source confirmation; persistent observations; specific project / sponsor / location clues
2026-06-23,20260623-000752-0e6f5f71,SQ-20260623-020,PRJ-20260623-0154,Acquisition - Seattle - JLL Brokers Sale of 182-Unit Seniors Housing Community Near Seattle,Seattle,Seattle,JLL,Senior Housing,95,100,85,60,89,87,Institutional Grade,Strong Institutional Signal,Very Low,Persistent,7,9,Needs Review,Confirmed,Immediate strategic review,"7 source file(s), 9 observation(s), latest stage Unknown Stage, identity confidence 100",multi-source confirmation; persistent observations; specific project / sponsor / location clues
2026-06-23,20260623-000752-0e6f5f71,SQ-20260623-030,PRJ-20260623-0082,Entitlement / Permitting - Los Angeles / California - Work beginning for Taix redevelopment at 1911 Sunset Blvd. in Echo Park,Los Angeles / California,Unknown,Holland Partner Group,Affordable Housing,95,100,85,60,85,86,Institutional Grade,Strong Institutional Signal,Very Low,Persistent,8,9,Needs Review,Confirmed,Immediate strategic review,"8 source file(s), 9 observation(s), latest stage Unknown Stage, identity confidence 100",multi-source confirmation; persistent observations; specific project / sponsor / location clues
2026-06-23,20260623-000752-0e6f5f71,SQ-20260623-022,PRJ-20260623-0155,Construction Financing - Miami / Florida - Developer Duo Closes on $67.5M Financing for Coral Gables Condos,Unknown,South Florida,Berkadia,Apartment,95,92,95,60,81,86,Institutional Grade,Strong Institutional Signal,Very Low,Likely Noise,4,4,Needs Review,Confirmed,Immediate strategic review,"4 source file(s), 4 observation(s), latest stage Unknown Stage, identity confidence 100",multi-source confirmation; some recurrence; specific project / sponsor / location clues
2026-06-23,20260623-000752-0e6f5f71,SQ-20260623-015,PRJ-20260623-0148,Disposition / Exit - San Francisco / California - Levin Johnston Arranges Two Sales on San Francisco Peninsula,San Francisco / California,Unknown,Marcus & Millichap,Apartment,80,100,85,60,94,84,High Confidence,Institutional Watch,Very Low,Persistent,7,9,Needs Review,Confirmed,Add to executive watchlist,"7 source file(s), 9 observation(s), latest stage Unknown Stage, identity confidence 100",multi-source confirmation; persistent observations; specific project / sponsor / location clues
2026-06-23,20260623-000752-0e6f5f71,SQ-20260623-034,PRJ-20260623-0037,BTR / Build-to-Rent - Atlanta / Georgia - Trilogy Investment Receives Construction Loan for 122-Unit Townhome Development in Emerson...,Atlanta / Georgia,Atlanta,Unknown,Mixed-Use Residential,95,92,60,95,73,83,High Confidence,Institutional Watch,Very Low,Stable,4,4,Consistent,Confirmed,Add to executive watchlist,"4 source file(s), 4 observation(s), latest stage Site Acquisition / Site Control, identity confidence 80",multi-source confirmation; some recurrence; limited specificity
2026-06-23,20260623-000752-0e6f5f71,SQ-20260623-031,PRJ-20260623-0140,Disposition / Exit - Phoenix / Arizona - Wood Partners Sells Gilbert Apartments for $81.6M,Unknown,Phoenix,Wood Partners,Apartment,95,92,85,60,76,82,High Confidence,Institutional Watch,Very Low,Likely Noise,4,4,Needs Review,Confirmed,Add to executive watchlist,"4 source file(s), 4 observation(s), latest stage Unknown Stage, identity confidence 100",multi-source confirmation; some recurrence; specific project / sponsor / location clues
2026-06-23,20260623-000752-0e6f5f71,SQ-20260623-025,PRJ-20260623-0142,"Construction Financing - Phoenix / Arizona - Opus, Ares Secure $67M Loan to Take Out Denver Apartment Construction Financing",Unknown,Phoenix,Unknown,Apartment,65,99,80,75,86,81,High Confidence,Institutional Watch,Very Low,Persistent,3,9,Consistent,Confirmed,Add to executive watchlist,"3 source file(s), 9 observation(s), latest stage Delivery / Opening, identity confidence 80",multi-source confirmation; persistent observations; specific project / sponsor / location clues
2026-06-23,20260623-000752-0e6f5f71,SQ-20260623-007,PRJ-20260623-0158,Disposition / Exit - Miami / Florida - Native Realty Represents Both Sides in Sale of Flagler Village Multifamily Portfolio with...,Unknown,South Florida,Unknown,Affordable Housing,65,99,70,65,100,80,High Confidence,Institutional Watch,Very Low,Persistent,3,9,Needs Review,Confirmed,Add to executive watchlist,"3 source file(s), 9 observation(s), latest stage Vertical Construction, identity confidence 80",multi-source confirmation; persistent observations; specific project / sponsor / location clues
2026-06-23,20260623-000752-0e6f5f71,SQ-20260623-029,PRJ-20260623-0065,Construction Financing - Dallas / Texas - Helaba Lends $112M for Dallas-Area Apartments at Former JCPenney HQ,Dallas / Texas,Dallas,Unknown,Apartment,95,97,60,60,80,79,High Confidence,Institutional Watch,Low,Persistent,4,5,Needs Review,Confirmed,Add to executive watchlist,"4 source file(s), 5 observation(s), latest stage Unknown Stage, identity confidence 80",multi-source confirmation; persistent observations; limited specificity
2026-06-23,20260623-000752-0e6f5f71,SQ-20260623-023,PRJ-20260623-0062,Berkadia Arranges $124.65M Refinancing of Mixed-Use Multifamily Community in Dallas-Fort Worth Metroplex,Dallas / Texas,Dallas,Berkadia,Mixed-Use Residential,65,92,75,75,81,78,High Confidence,Institutional Watch,Low,Fading,4,4,Consistent,Confirmed,Add to executive watchlist,"4 source file(s), 4 observation(s), latest stage Refinancing / Recapitalization, identity confidence 100",multi-source confirmation; some recurrence; specific project / sponsor / location clues
2026-06-23,20260623-000752-0e6f5f71,SQ-20260623-048,PRJ-20260623-0057,Refinancing - Dallas / Texas - Blackstone Provides $125M Refi for Dallas-Area Multifamily Mixed-Use Complex,Dallas / Texas,Unknown,Blackstone,Mixed-Use Residential,70,100,85,60,70,78,High Confidence,Institutional Watch,Low,Persistent,4,8,Needs Review,Confirmed,Add to executive watchlist,"4 source file(s), 8 observation(s), latest stage Unknown Stage, identity confidence 100",multi-source confirmation; persistent observations; specific project / sponsor / location clues
2026-06-23,20260623-000752-0e6f5f71,SQ-20260623-047,PRJ-20260623-0059,Refinancing - Dallas / Texas - Berkadia Arranges $124.65M Refinancing of Mixed-Use Multifamily Community in Dallas-Fort W...,Dallas / Texas,Unknown,Harbor Group International,Mixed-Use Residential,70,100,85,60,69,78,High Confidence,Institutional Watch,Low,Persistent,4,7,Needs Review,Confirmed,Add to executive watchlist,"4 source file(s), 7 observation(s), latest stage Unknown Stage, identity confidence 100",multi-source confirmation; persistent observations; specific project / sponsor / location clues
2026-06-23,20260623-000752-0e6f5f71,SQ-20260623-049,PRJ-20260623-0083,Refinancing - Los Angeles / California - IPA Capital Market Arranges $123M Refinance for Burlingame California Luxury Multifamily P...,Los Angeles / California,Unknown,IPA,Multifamily,70,100,85,60,67,78,High Confidence,Institutional Watch,Low,Persistent,4,6,Needs Review,Confirmed,Add to executive watchlist,"4 source file(s), 6 observation(s), latest stage Unknown Stage, identity confidence 100",multi-source confirmation; persistent observations; specific project / sponsor / location clues
2026-06-23,20260623-000752-0e6f5f71,SQ-20260623-011,PRJ-20260623-0098,Entitlement / Permitting - Los Angeles / California - Developer retools plan for mixed-use project at 3800 W. 6th St. in Koreatown,California,Los Angeles,Unknown,Affordable Housing,65,94,70,60,97,77,High Confidence,Institutional Watch,Low,Persistent,3,8,Needs Review,Confirmed,Add to executive watchlist,"3 source file(s), 8 observation(s), latest stage Unknown Stage, identity confidence 80",multi-source confirmation; persistent observations; specific project / sponsor / location clues
2026-06-23,20260623-000752-0e6f5f71,SQ-20260623-013,PRJ-20260623-0097,Mixed-use project could replace Beverly Hills gas station at 8555 Wilshire Blvd.,Beverly Hills / California,Los Angeles,Unknown,Affordable Housing,65,79,60,95,91,77,High Confidence,Institutional Watch,Low,Persistent,3,5,Consistent,Confirmed,Add to executive watchlist,"3 source file(s), 5 observation(s), latest stage Entitlement Under Review, identity confidence 80",multi-source confirmation; persistent observations; limited specificity
2026-06-23,20260623-000752-0e6f5f71,SQ-20260623-018,PRJ-20260623-0115,Refinancing - New York City / New York - HKS Real Estate Arranges $37.5M Loan for Refinancing of Midtown Manhattan Apartment Buildi...,Unknown,New York City,Unknown,Multifamily,65,84,70,75,88,76,High Confidence,Institutional Watch,Low,Persistent,3,6,Consistent,Confirmed,Add to executive watchlist,"3 source file(s), 6 observation(s), latest stage Site Acquisition / Site Control, identity confidence 80",multi-source confirmation; persistent observations; specific project / sponsor / location clues
2026-06-23,20260623-000752-0e6f5f71,SQ-20260623-026,PRJ-20260623-0118,Former Bank Branch Positioned as Development Opportunity in Garden Grove Sale,California,Orange County,CBRE,Apartment,65,84,75,75,82,76,High Confidence,Institutional Watch,Low,Persistent,3,6,Consistent,Confirmed,Add to executive watchlist,"3 source file(s), 6 observation(s), latest stage Site Acquisition / Site Control, identity confidence 100",multi-source confirmation; persistent observations; specific project / sponsor / location clues
2026-06-23,20260623-000752-0e6f5f71,SQ-20260623-009,PRJ-20260623-0067,Construction Financing - Dallas / Texas - Helaba Lends $112M for Dallas-Area Apartments at Former JCPenney HQ,Unknown,Dallas,Unknown,Apartment,65,84,70,60,97,75,High Confidence,Institutional Watch,Low,Persistent,3,6,Needs Review,Confirmed,Add to executive watchlist,"3 source file(s), 6 observation(s), latest stage Unknown Stage, identity confidence 80",multi-source confirmation; persistent observations; specific project / sponsor / location clues
2026-06-23,20260623-000752-0e6f5f71,SQ-20260623-050,PRJ-20260623-0075,General Project Signal - Houston / Texas - Red Hill Kicking Off Magnolia Mixed-Use Project,Houston / Texas,Houston,Unknown,Mixed-Use Residential,95,92,60,60,62,74,High Confidence,Institutional Watch,Low,Likely Noise,4,4,Needs Review,Confirmed,Add to executive watchlist,"4 source file(s), 4 observation(s), latest stage Unknown Stage, identity confidence 80",multi-source confirmation; some recurrence; limited specificity
2026-06-23,20260623-000752-0e6f5f71,SQ-20260623-012,PRJ-20260623-0087,Office-to-Residential Conversion - Los Angeles / California - Adaptive reuse project gets colorful new exterior at 3325 Wilshire Blvd. in Koreatown,Unknown,Los Angeles / California,Unknown,Affordable Housing,65,79,70,60,92,73,High Confidence,Institutional Watch,Low,Persistent,3,5,Needs Review,Confirmed,Add to executive watchlist,"3 source file(s), 5 observation(s), latest stage Unknown Stage, identity confidence 80",multi-source confirmation; persistent observations; specific project / sponsor / location clues
2026-06-23,20260623-000752-0e6f5f71,SQ-20260623-055,PRJ-20260623-0134,Disposition / Exit - Phoenix / Arizona - Quarterra Sells 290-Unit Kierland Rental Asset,Phoenix / Arizona,Unknown,Quarterra,Apartment,70,79,85,60,62,72,High Confidence,Institutional Watch,Low,Persistent,3,5,Needs Review,Confirmed,Add to executive watchlist,"3 source file(s), 5 observation(s), latest stage Unknown Stage, identity confidence 100",multi-source confirmation; persistent observations; specific project / sponsor / location clues
2026-06-23,20260623-000752-0e6f5f71,SQ-20260623-019,PRJ-20260623-0107,Disposition / Exit - Miami / Florida - Native Realty Represents Both Sides in Sale of Flagler Village Multifamily Portfolio with...,Miami / Florida,Unknown,Unknown,Apartment,80,100,60,75,91,71,High Confidence,Institutional Watch,Low,Persistent,5,10,Consistent,Confirmed,Add to executive watchlist,"5 source file(s), 10 observation(s), latest stage Refinancing / Recapitalization, identity confidence 80",multi-source confirmation; persistent observations; limited specificity
2026-06-23,20260623-000752-0e6f5f71,SQ-20260623-037,PRJ-20260623-0101,New plan for apartments at 745 17th Street in Santa Monica,Santa Monica / California,Los Angeles,Unknown,Apartment,65,92,60,60,71,70,High Confidence,Institutional Watch,Low,Likely Noise,4,4,Needs Review,Confirmed,Add to executive watchlist,"4 source file(s), 4 observation(s), latest stage Unknown Stage, identity confidence 80",multi-source confirmation; some recurrence; limited specificity
2026-06-23,20260623-000752-0e6f5f71,SQ-20260623-081,PRJ-20260623-0135,Disposition / Exit - Phoenix / Arizona - Wood Partners Sells Gilbert Apartments for $81.6M,Phoenix / Arizona,Unknown,Wood Partners,Apartment,70,79,85,60,52,70,High Confidence,Institutional Watch,Low,Persistent,3,5,Needs Review,Confirmed,Add to executive watchlist,"3 source file(s), 5 observation(s), latest stage Unknown Stage, identity confidence 100",multi-source confirmation; persistent observations; specific project / sponsor / location clues
2026-06-23,20260623-000752-0e6f5f71,SQ-20260623-024,PRJ-20260623-0039,BTR / Build-to-Rent - Atlanta / Georgia - Trilogy Investment Receives Construction Loan for 122-Unit Townhome Development in Emerson...,Unknown,Atlanta,Unknown,BTR / Single-Family Rental,65,69,60,75,77,69,Moderate Confidence,Early Institutional Signal,Low,Fading,3,3,Consistent,Confirmed,Monitor for confirmation,"3 source file(s), 3 observation(s), latest stage Refinancing / Recapitalization, identity confidence 80",multi-source confirmation; some recurrence; limited specificity
2026-06-23,20260623-000752-0e6f5f71,SQ-20260623-040,PRJ-20260623-0129,Disposition / Exit - Other / Unknown - Northmarq Investment Sales team facilitates $14M sale of Mossy Oaks Apartments in Beaufort...,Other / Unknown,Unknown,Unknown,Affordable Housing,95,100,50,75,74,69,Moderate Confidence,Early Institutional Signal,Low,Persistent,5,32,Consistent,Confirmed,Monitor for confirmation,"5 source file(s), 32 observation(s), latest stage Entitlement Under Review, identity confidence 80",multi-source confirmation; persistent observations; limited specificity
2026-06-23,20260623-000752-0e6f5f71,SQ-20260623-053,PRJ-20260623-0054,Former IHOP Site in Pacific Beach Trades as Redevelopment Opportunity,California,Unknown,Redevelopment Opportunity Whitewater Commercial Real Estate,Multifamily,65,69,75,75,58,69,Moderate Confidence,Early Institutional Signal,Low,Fading,3,3,Consistent,Confirmed,Monitor for confirmation,"3 source file(s), 3 observation(s), latest stage Site Acquisition / Site Control, identity confidence 100",multi-source confirmation; some recurrence; specific project / sponsor / location clues
2026-06-23,20260623-000752-0e6f5f71,SQ-20260623-021,PRJ-20260623-0100,Office-to-Residential Conversion - Los Angeles / California - Adaptive reuse project gets colorful new exterior at 3325 Wilshire Blvd. in Koreatown,Other / Unknown,Unknown,Unknown,Apartment,65,100,60,75,89,68,Moderate Confidence,Early Institutional Signal,Low,Persistent,7,42,Consistent,Confirmed,Monitor for confirmation,"7 source file(s), 42 observation(s), latest stage Environmental Review / CEQA, identity confidence 80",multi-source confirmation; persistent observations; limited specificity
2026-06-23,20260623-000752-0e6f5f71,SQ-20260623-027,PRJ-20260623-0153,Entitlement / Permitting - Santa Monica / California - New plan for apartments at 745 17th Street in Santa Monica,Unknown,Santa Monica,Unknown,Apartment,65,69,70,60,76,68,Moderate Confidence,Early Institutional Signal,Low,Likely Noise,3,3,Needs Review,Confirmed,Monitor for confirmation,"3 source file(s), 3 observation(s), latest stage Unknown Stage, identity confidence 80",multi-source confirmation; some recurrence; specific project / sponsor / location clues
2026-06-23,20260623-000752-0e6f5f71,SQ-20260623-028,PRJ-20260623-0047,General Project Signal - New York City / New York - Naftali Credit Partners Arranges $75M Debt for Flatbush Condo Project,Unknown,Brooklyn,Unknown,Apartment,65,69,70,60,76,68,Moderate Confidence,Early Institutional Signal,Low,Likely Noise,3,3,Needs Review,Confirmed,Monitor for confirmation,"3 source file(s), 3 observation(s), latest stage Unknown Stage, identity confidence 80",multi-source confirmation; some recurrence; specific project / sponsor / location clues
2026-06-23,20260623-000752-0e6f5f71,SQ-20260623-032,PRJ-20260623-0147,Development Start - Riverside / California - Riverside Investment & Development Breaks Ground on 12-Story West Loop Multifamily Develop...,Unknown,Riverside,Unknown,Mixed-Use Residential,65,69,70,60,74,68,Moderate Confidence,Early Institutional Signal,Low,Likely Noise,3,3,Needs Review,Confirmed,Monitor for confirmation,"3 source file(s), 3 observation(s), latest stage Unknown Stage, identity confidence 80",multi-source confirmation; some recurrence; specific project / sponsor / location clues
2026-06-23,20260623-000752-0e6f5f71,SQ-20260623-046,PRJ-20260623-0085,Office-to-Residential Conversion - Los Angeles / California - Adaptive reuse project gets colorful new exterior at 3325 Wilshire Blvd. in Koreatown,Los Angeles / California,Unknown,Unknown,Office-to-Residential Conversion,95,100,60,60,70,68,Moderate Confidence,Early Institutional Signal,Low,Persistent,4,10,Needs Review,Confirmed,Monitor for confirmation,"4 source file(s), 10 observation(s), latest stage Unknown Stage, identity confidence 80",multi-source confirmation; persistent observations; limited specificity
2026-06-23,20260623-000752-0e6f5f71,SQ-20260623-065,PRJ-20260623-0102,HKS Real Estate Arranges $37.5M Loan for Refinancing of Midtown Manhattan Apartment Building,New York City / New York,Manhattan,HKS Real Estate,Apartment,65,69,75,75,54,68,Moderate Confidence,Early Institutional Signal,Low,Fading,3,3,Consistent,Confirmed,Monitor for confirmation,"3 source file(s), 3 observation(s), latest stage Refinancing / Recapitalization, identity confidence 100",multi-source confirmation; some recurrence; specific project / sponsor / location clues
2026-06-23,20260623-000752-0e6f5f71,SQ-20260623-042,PRJ-20260623-0161,Acquisition - Washington DC - Oakline Properties Expands Management Portfolio with Acquisition of Multifamily Property M...,Unknown,Virginia,Unknown,Apartment,65,69,70,60,62,66,Moderate Confidence,Early Institutional Signal,Low,Likely Noise,3,3,Needs Review,Confirmed,Monitor for confirmation,"3 source file(s), 3 observation(s), latest stage Unknown Stage, identity confidence 80",multi-source confirmation; some recurrence; specific project / sponsor / location clues
2026-06-23,20260623-000752-0e6f5f71,SQ-20260623-041,PRJ-20260623-0071,"General Project Signal - Georgia - Brook Farm, Manor Park to Develop 336-Unit Multifamily Community in Savannah",Unknown,Georgia,Unknown,Apartment,65,69,70,60,62,66,Moderate Confidence,Early Institutional Signal,Low,Likely Noise,3,3,Needs Review,Confirmed,Monitor for confirmation,"3 source file(s), 3 observation(s), latest stage Unknown Stage, identity confidence 80",multi-source confirmation; some recurrence; specific project / sponsor / location clues
2026-06-23,20260623-000752-0e6f5f71,SQ-20260623-056,PRJ-20260623-0077,General Project Signal - Houston / Texas - Red Hill Kicking Off Magnolia Mixed-Use Project,Unknown,Houston,Unknown,Mixed-Use Residential,65,69,70,60,57,65,Moderate Confidence,Early Institutional Signal,Low,Likely Noise,3,3,Needs Review,Confirmed,Monitor for confirmation,"3 source file(s), 3 observation(s), latest stage Unknown Stage, identity confidence 80",multi-source confirmation; some recurrence; specific project / sponsor / location clues
2026-06-23,20260623-000752-0e6f5f71,SQ-20260623-061,PRJ-20260623-0041,Entitlement / Permitting - Beverly Hills / California - Infill housing in progress at 3676 S. Kelton Ave. in Palms,Beverly Hills / California,Unknown,Unknown,Affordable Housing,95,92,60,60,57,64,Moderate Confidence,Early Institutional Signal,Moderate,Likely Noise,4,4,Needs Review,Confirmed,Monitor for confirmation,"4 source file(s), 4 observation(s), latest stage Unknown Stage, identity confidence 80",multi-source confirmation; some recurrence; limited specificity
2026-06-23,20260623-000752-0e6f5f71,SQ-20260623-035,PRJ-20260623-0006,Entitlement / Permitting - Los Angeles / California - Work beginning for Taix redevelopment at 1911 Sunset Blvd. in Echo Park,Unknown,Los Angeles / California,Holland Partner Group,Affordable Housing,45,46,85,60,68,61,Moderate Confidence,Early Institutional Signal,Moderate,Likely Noise,2,2,Needs Review,Partial,Monitor for confirmation,"2 source file(s), 2 observation(s), latest stage Unknown Stage, identity confidence 100",partial source diversity; some recurrence; specific project / sponsor / location clues
2026-06-23,20260623-000752-0e6f5f71,SQ-20260623-066,PRJ-20260623-0056,Development Start - Riverside / California - Riverside Investment & Development Breaks Ground on 12-Story West Loop Multifamily Develop...,Other / Unknown,Los Angeles,Unknown,Multifamily,45,71,60,60,62,60,Moderate Confidence,Early Institutional Signal,Moderate,Persistent,2,7,Needs Review,Confirmed,Monitor for confirmation,"2 source file(s), 7 observation(s), latest stage Unknown Stage, identity confidence 80",partial source diversity; persistent observations; limited specificity
2026-06-23,20260623-000752-0e6f5f71,SQ-20260623-086,PRJ-20260623-0138,Tide Equities Sells Phoenix Rental Asset for $41M,Phoenix / Arizona,Phoenix,Nitya Capital,Apartment,45,46,75,95,41,60,Moderate Confidence,Early Institutional Signal,Moderate,Stable,2,2,Consistent,Partial,Monitor for confirmation,"2 source file(s), 2 observation(s), latest stage Site Acquisition / Site Control, identity confidence 100",partial source diversity; some recurrence; specific project / sponsor / location clues
2026-06-23,20260623-000752-0e6f5f71,SQ-20260623-036,PRJ-20260623-0023,Yorba Linda Parking Lot Sells for Townhome Redevelopment,California,Orange County,CBRE,Apartment,45,46,75,60,67,58,Moderate Confidence,Early Institutional Signal,Moderate,Likely Noise,2,2,Needs Review,Partial,Monitor for confirmation,"2 source file(s), 2 observation(s), latest stage Unknown Stage, identity confidence 100",partial source diversity; some recurrence; specific project / sponsor / location clues
2026-06-23,20260623-000752-0e6f5f71,SQ-20260623-080,PRJ-20260623-0136,"Construction Financing - Phoenix / Arizona - Opus, Ares Secure $67M Loan to Take Out Denver Apartment Construction Financing",Phoenix / Arizona,Unknown,Unknown,Apartment,70,89,60,60,56,58,Moderate Confidence,Early Institutional Signal,Moderate,Persistent,3,7,Needs Review,Confirmed,Monitor for confirmation,"3 source file(s), 7 observation(s), latest stage Unknown Stage, identity confidence 80",multi-source confirmation; persistent observations; limited specificity
2026-06-23,20260623-000752-0e6f5f71,SQ-20260623-082,PRJ-20260623-0112,Refinancing - New York City / New York - HKS Real Estate Arranges $37.5M Loan for Refinancing of Midtown Manhattan Apartment Buildi...,New York City / New York,Unknown,Unknown,Multifamily,70,89,60,60,56,58,Moderate Confidence,Early Institutional Signal,Moderate,Persistent,3,7,Needs Review,Confirmed,Monitor for confirmation,"3 source file(s), 7 observation(s), latest stage Unknown Stage, identity confidence 80",multi-source confirmation; persistent observations; limited specificity
2026-06-23,20260623-000752-0e6f5f71,SQ-20260623-078,PRJ-20260623-0137,"Opus, Ares Secure $67M Loan to Take Out Denver Apartment Construction Financing",Phoenix / Arizona,Phoenix,Ares Real Estate,Apartment,45,46,75,75,47,58,Moderate Confidence,Early Institutional Signal,Moderate,Fading,2,2,Consistent,Partial,Monitor for confirmation,"2 source file(s), 2 observation(s), latest stage Delivery / Opening, identity confidence 100",partial source diversity; some recurrence; specific project / sponsor / location clues
2026-06-23,20260623-000752-0e6f5f71,SQ-20260623-087,PRJ-20260623-0099,Entitlement / Permitting - Los Angeles / California - Developer retools plan for mixed-use project at 3800 W. 6th St. in Koreatown,Los Angeles / California,Los Angeles,Unknown,Affordable Housing,75,51,60,60,42,58,Moderate Confidence,Early Institutional Signal,Moderate,Likely Noise,2,3,Needs Review,Partial,Monitor for confirmation,"2 source file(s), 3 observation(s), latest stage Unknown Stage, identity confidence 80",partial source diversity; some recurrence; limited specificity
2026-06-23,20260623-000752-0e6f5f71,SQ-20260623-054,PRJ-20260623-0061,Construction Financing - Dallas / Texas - Helaba Lends $112M for Dallas-Area Apartments at Former JCPenney HQ,Dallas / Texas,Unknown,Unknown,Apartment,70,79,60,60,62,57,Moderate Confidence,Early Institutional Signal,Moderate,Persistent,3,5,Needs Review,Confirmed,Monitor for confirmation,"3 source file(s), 5 observation(s), latest stage Unknown Stage, identity confidence 80",multi-source confirmation; persistent observations; limited specificity
2026-06-23,20260623-000752-0e6f5f71,SQ-20260623-044,PRJ-20260623-0034,Former IHOP Site in Pacific Beach Trades as Redevelopment Opportunity,California,Unknown,Redevelopment Opportunity Whitewater Commercial Real Estate,Multifamily,45,46,75,60,60,57,Moderate Confidence,Early Institutional Signal,Moderate,Likely Noise,2,2,Needs Review,Partial,Monitor for confirmation,"2 source file(s), 2 observation(s), latest stage Unknown Stage, identity confidence 100",partial source diversity; some recurrence; specific project / sponsor / location clues
2026-06-23,20260623-000752-0e6f5f71,SQ-20260623-043,PRJ-20260623-0029,Naftali Credit Partners Arranges $75M Debt for Flatbush Condo Project,New York City / New York,Brooklyn,Naftali Credit Partners,Apartment,45,46,75,60,60,57,Moderate Confidence,Early Institutional Signal,Moderate,Likely Noise,2,2,Needs Review,Partial,Monitor for confirmation,"2 source file(s), 2 observation(s), latest stage Unknown Stage, identity confidence 100",partial source diversity; some recurrence; specific project / sponsor / location clues
2026-06-23,20260623-000752-0e6f5f71,SQ-20260623-038,PRJ-20260623-0160,Disposition / Exit - Other / Unknown - Northmarq Investment Sales team facilitates $14M sale of Mossy Oaks Apartments in Beaufort...,Unknown,Unknown,Unknown,Affordable Housing,45,100,50,60,76,56,Moderate Confidence,Early Institutional Signal,Moderate,Persistent,2,20,Needs Review,Confirmed,Monitor for confirmation,"2 source file(s), 20 observation(s), latest stage Unknown Stage, identity confidence 80",partial source diversity; persistent observations; limited specificity
2026-06-23,20260623-000752-0e6f5f71,SQ-20260623-058,PRJ-20260623-0021,Developer Duo Closes on $67.5M Financing for Coral Gables Condos,Miami / Florida,Unknown,Berkadia,Apartment,45,46,75,60,54,56,Moderate Confidence,Early Institutional Signal,Moderate,Likely Noise,2,2,Needs Review,Partial,Monitor for confirmation,"2 source file(s), 2 observation(s), latest stage Unknown Stage, identity confidence 100",partial source diversity; some recurrence; specific project / sponsor / location clues
2026-06-23,20260623-000752-0e6f5f71,SQ-20260623-110,PRJ-20260623-0113,Refinancing - New York City / New York - HKS Real Estate Arranges $37.5M Loan for Refinancing of Midtown Manhattan Apartment Buildi...,New York City / New York,New York City,Unknown,Apartment,75,51,60,60,32,56,Moderate Confidence,Early Institutional Signal,Moderate,Likely Noise,2,3,Needs Review,Partial,Monitor for confirmation,"2 source file(s), 3 observation(s), latest stage Unknown Stage, identity confidence 80",partial source diversity; some recurrence; limited specificity
2026-06-23,20260623-000752-0e6f5f71,SQ-20260623-057,PRJ-20260623-0159,Aspire at Greenville Apartments Now Open and Introducing Elevated Living for a Growing Community in Greenville Texas,Texas,Unknown,Unknown,Apartment,65,69,60,75,57,55,Moderate Confidence,Early Institutional Signal,Moderate,Fading,3,3,Consistent,Confirmed,Monitor for confirmation,"3 source file(s), 3 observation(s), latest stage Delivery / Opening, identity confidence 80",multi-source confirmation; some recurrence; limited specificity
2026-06-23,20260623-000752-0e6f5f71,SQ-20260623-075,PRJ-20260623-0117,"Grun Group Files Plans to Build 108 Units in Kew Gardens, Queens",New York City / New York,New York,Unknown,Multifamily,45,46,60,75,49,55,Moderate Confidence,Early Institutional Signal,Moderate,Fading,2,2,Consistent,Partial,Monitor for confirmation,"2 source file(s), 2 observation(s), latest stage Site Acquisition / Site Control, identity confidence 80",partial source diversity; some recurrence; limited specificity
2026-06-23,20260623-000752-0e6f5f71,SQ-20260623-074,PRJ-20260623-0044,Naftali Credit Partners Arranges $75M Debt for Flatbush Condo Project,New York City / New York,Brooklyn,Naftali Credit Partners,Apartment,45,46,75,60,49,55,Moderate Confidence,Early Institutional Signal,Moderate,Likely Noise,2,2,Needs Review,Partial,Monitor for confirmation,"2 source file(s), 2 observation(s), latest stage Unknown Stage, identity confidence 100",partial source diversity; some recurrence; specific project / sponsor / location clues
2026-06-23,20260623-000752-0e6f5f71,SQ-20260623-071,PRJ-20260623-0001,"Opus, Ares Secure $67M Loan to Take Out Denver Apartment Construction Financing",Phoenix / Arizona,Phoenix,Ares Real Estate,Apartment,45,46,75,60,49,55,Moderate Confidence,Early Institutional Signal,Moderate,Likely Noise,2,2,Needs Review,Partial,Monitor for confirmation,"2 source file(s), 2 observation(s), latest stage Unknown Stage, identity confidence 100",partial source diversity; some recurrence; specific project / sponsor / location clues
2026-06-23,20260623-000752-0e6f5f71,SQ-20260623-079,PRJ-20260623-0068,Work beginning for Taix redevelopment at 1911 Sunset Blvd. in Echo Park,Los Angeles / California,Echo Park,Unknown,Affordable Housing,45,46,60,75,46,54,Weak Signal,Speculative,Moderate,Fading,2,2,Consistent,Partial,Track only,"2 source file(s), 2 observation(s), latest stage Site Acquisition / Site Control, identity confidence 80",partial source diversity; some recurrence; limited specificity
2026-06-23,20260623-000752-0e6f5f71,SQ-20260623-092,PRJ-20260623-0105,Related Urban Starts Work on $167M S. Miami Affordable Housing Venture,Miami / Florida,Unknown,Development Start - Miami / Florida - Related Urban Starts Work on $167M S. Miami Affordable Housing Venture,General Residential,50,33,85,60,38,54,Weak Signal,Speculative,Moderate,Likely Noise,1,3,Needs Review,Partial,Track only,"1 source file(s), 3 observation(s), latest stage Unknown Stage, identity confidence 100",single-source or thin source base; some recurrence; specific project / sponsor / location clues
2026-06-23,20260623-000752-0e6f5f71,SQ-20260623-059,PRJ-20260623-0043,Entitlement / Permitting - Beverly Hills / California - Infill housing in progress at 3676 S. Kelton Ave. in Palms,Unknown,Beverly Hills / California,Unknown,Affordable Housing,45,46,60,60,53,53,Weak Signal,Speculative,Moderate,Likely Noise,2,2,Needs Review,Partial,Track only,"2 source file(s), 2 observation(s), latest stage Unknown Stage, identity confidence 80",partial source diversity; some recurrence; limited specificity
2026-06-23,20260623-000752-0e6f5f71,SQ-20260623-089,PRJ-20260623-0002,Former Bank Branch Positioned as Development Opportunity in Garden Grove Sale,California,Orange County,CBRE,General Residential,45,46,75,60,38,53,Weak Signal,Speculative,Moderate,Likely Noise,2,2,Needs Review,Partial,Track only,"2 source file(s), 2 observation(s), latest stage Unknown Stage, identity confidence 100",partial source diversity; some recurrence; specific project / sponsor / location clues
2026-06-23,20260623-000752-0e6f5f71,SQ-20260623-096,PRJ-20260623-0070,"General Project Signal - Georgia - Brook Farm, Manor Park to Develop 336-Unit Multifamily Community in Savannah",Georgia,Unknown,Unknown,Apartment,85,69,60,60,36,53,Weak Signal,Speculative,Moderate,Likely Noise,3,3,Needs Review,Confirmed,Track only,"3 source file(s), 3 observation(s), latest stage Unknown Stage, identity confidence 80",multi-source confirmation; some recurrence; limited specificity
2026-06-23,20260623-000752-0e6f5f71,SQ-20260623-064,PRJ-20260623-0072,Kidder Closes Hollywood Multifamily Sale Despite Softening Rental Trends,Los Angeles / California,Hollywood,Unknown,Apartment,45,46,60,60,52,52,Weak Signal,Speculative,Moderate,Likely Noise,2,2,Needs Review,Partial,Track only,"2 source file(s), 2 observation(s), latest stage Unknown Stage, identity confidence 80",partial source diversity; some recurrence; limited specificity
2026-06-23,20260623-000752-0e6f5f71,SQ-20260623-073,PRJ-20260623-0078,Adaptive reuse project gets colorful new exterior at 3325 Wilshire Blvd. in Koreatown,Los Angeles / California,Koreatown,Unknown,Office-to-Residential Conversion,45,46,60,60,49,52,Weak Signal,Speculative,Moderate,Likely Noise,2,2,Needs Review,Partial,Track only,"2 source file(s), 2 observation(s), latest stage Unknown Stage, identity confidence 80",partial source diversity; some recurrence; limited specificity
2026-06-23,20260623-000752-0e6f5f71,SQ-20260623-088,PRJ-20260623-0066,Office-to-Residential Conversion - Dallas / Texas - Hunt Helming $125M Dallas Adaptive Reuse Venture,Other / Unknown,Los Angeles,Unknown,Apartment,45,51,60,60,42,52,Weak Signal,Speculative,Moderate,Likely Noise,2,3,Needs Review,Partial,Track only,"2 source file(s), 3 observation(s), latest stage Unknown Stage, identity confidence 80",partial source diversity; some recurrence; limited specificity
2026-06-23,20260623-000752-0e6f5f71,SQ-20260623-115,PRJ-20260623-0132,"Opus, Ares Secure $67M Loan to Take Out Denver Apartment Construction Financing",Phoenix / Arizona,Unknown,"Construction Financing - Phoenix / Arizona - Opus, Ares Secure $67M Loan to Take Out Denver Apartment Construction Financing",General Residential,50,33,85,60,28,52,Weak Signal,Speculative,Moderate,Likely Noise,1,3,Needs Review,Partial,Track only,"1 source file(s), 3 observation(s), latest stage Unknown Stage, identity confidence 100",single-source or thin source base; some recurrence; specific project / sponsor / location clues
2026-06-23,20260623-000752-0e6f5f71,SQ-20260623-116,PRJ-20260623-0131,Tide Equities Sells Phoenix Rental Asset for $41M,Phoenix / Arizona,Unknown,Acquisition - Phoenix / Arizona - Tide Equities Sells Phoenix Rental Asset for $41M,General Residential,50,33,85,60,28,52,Weak Signal,Speculative,Moderate,Likely Noise,1,3,Needs Review,Partial,Track only,"1 source file(s), 3 observation(s), latest stage Unknown Stage, identity confidence 100",single-source or thin source base; some recurrence; specific project / sponsor / location clues
2026-06-23,20260623-000752-0e6f5f71,SQ-20260623-039,PRJ-20260623-0130,Disposition / Exit - Other / Unknown - Northmarq Investment Sales team facilitates $14M sale of Mossy Oaks Apartments in Beaufort...,Unknown,Unknown,Unknown,Affordable Housing,45,68,60,60,75,51,Weak Signal,Speculative,Moderate,Persistent,1,10,Needs Review,Confirmed,Track only,"1 source file(s), 10 observation(s), latest stage Unknown Stage, identity confidence 80",single-source or thin source base; persistent observations; limited specificity
2026-06-23,20260623-000752-0e6f5f71,SQ-20260623-045,PRJ-20260623-0017,Office-to-Residential Conversion - Los Angeles / California - Adaptive reuse project gets colorful new exterior at 3325 Wilshire Blvd. in Koreatown,Unknown,Los Angeles / California,Unknown,Office-to-Residential Conversion,45,23,70,60,57,51,Weak Signal,Speculative,Moderate,Likely Noise,1,1,Needs Review,Single Source,Track only,"1 source file(s), 1 observation(s), latest stage Unknown Stage, identity confidence 80",single-source or thin source base; limited recurrence; specific project / sponsor / location clues
2026-06-23,20260623-000752-0e6f5f71,SQ-20260623-083,PRJ-20260623-0036,BTR / Build-to-Rent - Atlanta / Georgia - Trilogy Investment Receives Construction Loan for 122-Unit Townhome Development in Emerson...,Atlanta / Georgia,Unknown,Unknown,BTR / Single-Family Rental,70,69,60,60,46,51,Weak Signal,Speculative,Moderate,Likely Noise,3,3,Needs Review,Confirmed,Track only,"3 source file(s), 3 observation(s), latest stage Unknown Stage, identity confidence 80",multi-source confirmation; some recurrence; limited specificity
2026-06-23,20260623-000752-0e6f5f71,SQ-20260623-091,PRJ-20260623-0156,Disposition / Exit - Miami / Florida - Native Realty Represents Both Sides in Sale of Flagler Village Multifamily Portfolio with...,Miami / Florida,South Florida,Unknown,Affordable Housing,65,33,60,60,38,51,Weak Signal,Speculative,Moderate,Likely Noise,1,3,Needs Review,Partial,Track only,"1 source file(s), 3 observation(s), latest stage Unknown Stage, identity confidence 80",single-source or thin source base; some recurrence; limited specificity
2026-06-23,20260623-000752-0e6f5f71,SQ-20260623-099,PRJ-20260623-0080,Developer retools plan for mixed-use project at 3800 W. 6th St. in Koreatown,Los Angeles / California,Unknown,Entitlement / Permitting - Los Angeles / California - Developer retools plan for mixed-use project at 3800 W. 6th St. in Koreatown,General Residential,50,28,85,60,30,51,Weak Signal,Speculative,Moderate,Likely Noise,1,2,Needs Review,Partial,Track only,"1 source file(s), 2 observation(s), latest stage Unknown Stage, identity confidence 100",single-source or thin source base; some recurrence; specific project / sponsor / location clues
2026-06-23,20260623-000752-0e6f5f71,SQ-20260623-101,PRJ-20260623-0109,"Grun Group Files Plans to Build 108 Units in Kew Gardens, Queens",New York City / New York,Unknown,"Entitlement / Permitting - New York City / New York - Grun Group Files Plans to Build 108 Units in Kew Gardens, Queens",General Residential,50,28,85,60,30,51,Weak Signal,Speculative,Moderate,Likely Noise,1,2,Needs Review,Partial,Track only,"1 source file(s), 2 observation(s), latest stage Unknown Stage, identity confidence 100",single-source or thin source base; some recurrence; specific project / sponsor / location clues
2026-06-23,20260623-000752-0e6f5f71,SQ-20260623-102,PRJ-20260623-0058,Helaba Lends $112M for Dallas-Area Apartments at Former JCPenney HQ,Dallas / Texas,Unknown,Construction Financing - Dallas / Texas - Helaba Lends $112M for Dallas-Area Apartments at Former JCPenney HQ,General Residential,50,28,85,60,30,51,Weak Signal,Speculative,Moderate,Likely Noise,1,2,Needs Review,Partial,Track only,"1 source file(s), 2 observation(s), latest stage Unknown Stage, identity confidence 100",single-source or thin source base; some recurrence; specific project / sponsor / location clues
2026-06-23,20260623-000752-0e6f5f71,SQ-20260623-103,PRJ-20260623-0060,Hunt Helming $125M Dallas Adaptive Reuse Venture,Dallas / Texas,Unknown,Office-to-Residential Conversion - Dallas / Texas - Hunt Helming $125M Dallas Adaptive Reuse Venture,General Residential,50,28,85,60,30,51,Weak Signal,Speculative,Moderate,Likely Noise,1,2,Needs Review,Partial,Track only,"1 source file(s), 2 observation(s), latest stage Unknown Stage, identity confidence 100",single-source or thin source base; some recurrence; specific project / sponsor / location clues
2026-06-23,20260623-000752-0e6f5f71,SQ-20260623-105,PRJ-20260623-0079,Kidder Closes Hollywood Multifamily Sale Despite Softening Rental Trends,Los Angeles / California,Unknown,Disposition / Exit - Los Angeles / California - Kidder Closes Hollywood Multifamily Sale Despite Softening Rental Trends,General Residential,50,28,85,60,30,51,Weak Signal,Speculative,Moderate,Likely Noise,1,2,Needs Review,Partial,Track only,"1 source file(s), 2 observation(s), latest stage Unknown Stage, identity confidence 100",single-source or thin source base; some recurrence; specific project / sponsor / location clues
2026-06-23,20260623-000752-0e6f5f71,SQ-20260623-106,PRJ-20260623-0110,Naftali Credit Partners Arranges $75M Debt for Flatbush Condo Project,New York City / New York,Unknown,General Project Signal - New York City / New York - Naftali Credit Partners Arranges $75M Debt for Flatbush Condo Project,General Residential,50,28,85,60,30,51,Weak Signal,Speculative,Moderate,Likely Noise,1,2,Needs Review,Partial,Track only,"1 source file(s), 2 observation(s), latest stage Unknown Stage, identity confidence 100",single-source or thin source base; some recurrence; specific project / sponsor / location clues
2026-06-23,20260623-000752-0e6f5f71,SQ-20260623-107,PRJ-20260623-0106,Native Realty Represents Both Sides in Sale of Flagler Village Multifamily Portfolio with Major Development Upside,Miami / Florida,Unknown,Disposition / Exit - Miami / Florida - Native Realty Represents Both Sides in Sale of Flagler Village Multifamily Portfolio with...,General Residential,50,28,85,60,30,51,Weak Signal,Speculative,Moderate,Likely Noise,1,2,Needs Review,Partial,Track only,"1 source file(s), 2 observation(s), latest stage Unknown Stage, identity confidence 100",single-source or thin source base; some recurrence; specific project / sponsor / location clues
2026-06-23,20260623-000752-0e6f5f71,SQ-20260623-109,PRJ-20260623-0149,New plan for apartments at 745 17th Street in Santa Monica,Santa Monica / California,Unknown,Entitlement / Permitting - Santa Monica / California - New plan for apartments at 745 17th Street in Santa Monica,General Residential,50,28,85,60,30,51,Weak Signal,Speculative,Moderate,Likely Noise,1,2,Needs Review,Partial,Track only,"1 source file(s), 2 observation(s), latest stage Unknown Stage, identity confidence 100",single-source or thin source base; some recurrence; specific project / sponsor / location clues
2026-06-23,20260623-000752-0e6f5f71,SQ-20260623-111,PRJ-20260623-0143,Riverside Investment & Development Breaks Ground on 12-Story West Loop Multifamily Development in Chicago,Riverside / California,Unknown,Development Start - Riverside / California - Riverside Investment & Development Breaks Ground on 12-Story West Loop Multifamily Develop...,General Residential,50,28,85,60,30,51,Weak Signal,Speculative,Moderate,Likely Noise,1,2,Needs Review,Partial,Track only,"1 source file(s), 2 observation(s), latest stage Unknown Stage, identity confidence 100",single-source or thin source base; some recurrence; specific project / sponsor / location clues
2026-06-23,20260623-000752-0e6f5f71,SQ-20260623-112,PRJ-20260623-0035,"Trilogy Investment Receives Construction Loan for 122-Unit Townhome Development in Emerson, Georgia",Atlanta / Georgia,Unknown,BTR / Build-to-Rent - Atlanta / Georgia - Trilogy Investment Receives Construction Loan for 122-Unit Townhome Development in Emerson...,General Residential,50,28,85,60,30,51,Weak Signal,Speculative,Moderate,Likely Noise,1,2,Needs Review,Partial,Track only,"1 source file(s), 2 observation(s), latest stage Unknown Stage, identity confidence 100",single-source or thin source base; some recurrence; specific project / sponsor / location clues
2026-06-23,20260623-000752-0e6f5f71,SQ-20260623-114,PRJ-20260623-0141,"Construction Financing - Phoenix / Arizona - Opus, Ares Secure $67M Loan to Take Out Denver Apartment Construction Financing",Phoenix / Arizona,Phoenix,Unknown,Apartment,65,33,70,60,28,51,Weak Signal,Speculative,Moderate,Likely Noise,1,3,Needs Review,Partial,Track only,"1 source file(s), 3 observation(s), latest stage Unknown Stage, identity confidence 80",single-source or thin source base; some recurrence; specific project / sponsor / location clues
2026-06-23,20260623-000752-0e6f5f71,SQ-20260623-052,PRJ-20260623-0020,Entitlement / Permitting - Beverly Hills / California - Infill housing in progress at 3676 S. Kelton Ave. in Palms,Unknown,Beverly Hills / California,Unknown,Affordable Housing,45,23,70,60,55,50,Weak Signal,Speculative,Moderate,Likely Noise,1,1,Needs Review,Single Source,Track only,"1 source file(s), 1 observation(s), latest stage Unknown Stage, identity confidence 80",single-source or thin source base; limited recurrence; specific project / sponsor / location clues
2026-06-23,20260623-000752-0e6f5f71,SQ-20260623-085,PRJ-20260623-0005,Mott Haven Development Site Set for One or More Residential Buildings,New York,New York,JLL,Apartment,45,23,75,60,40,49,Weak Signal,Speculative,Moderate,Likely Noise,1,1,Needs Review,Single Source,Track only,"1 source file(s), 1 observation(s), latest stage Unknown Stage, identity confidence 100",single-source or thin source base; limited recurrence; specific project / sponsor / location clues
2026-06-23,20260623-000752-0e6f5f71,SQ-20260623-094,PRJ-20260623-0114,"Entitlement / Permitting - New York City / New York - Grun Group Files Plans to Build 108 Units in Kew Gardens, Queens",Other / Unknown,Los Angeles,Unknown,Multifamily,45,46,60,60,34,49,Weak Signal,Speculative,Moderate,Likely Noise,2,2,Needs Review,Partial,Track only,"2 source file(s), 2 observation(s), latest stage Unknown Stage, identity confidence 80",partial source diversity; some recurrence; limited specificity
2026-06-23,20260623-000752-0e6f5f71,SQ-20260623-097,PRJ-20260623-0086,Office-to-Residential Conversion - Los Angeles / California - Adaptive reuse project gets colorful new exterior at 3325 Wilshire Blvd. in Koreatown,Other / Unknown,Los Angeles,Unknown,Affordable Housing,45,46,60,60,34,49,Weak Signal,Speculative,Moderate,Likely Noise,2,2,Needs Review,Partial,Track only,"2 source file(s), 2 observation(s), latest stage Unknown Stage, identity confidence 80",partial source diversity; some recurrence; limited specificity
2026-06-23,20260623-000752-0e6f5f71,SQ-20260623-118,PRJ-20260623-0084,Adaptive reuse project gets colorful new exterior at 3325 Wilshire Blvd. in Koreatown,Los Angeles / California,Unknown,Office-to-Residential Conversion - Los Angeles / California - Adaptive reuse project gets colorful new exterior at 3325 Wilshire Blvd. in Koreatown,General Residential,50,23,85,60,22,49,Weak Signal,Speculative,Moderate,Likely Noise,1,1,Needs Review,Single Source,Track only,"1 source file(s), 1 observation(s), latest stage Unknown Stage, identity confidence 100",single-source or thin source base; limited recurrence; specific project / sponsor / location clues
2026-06-23,20260623-000752-0e6f5f71,SQ-20260623-126,PRJ-20260623-0050,Former IHOP Site in Pacific Beach Trades as Redevelopment Opportunity,California,Unknown,Disposition / Exit - California - Former IHOP Site in Pacific Beach Trades as Redevelopment Opportunity,General Residential,50,23,85,60,22,49,Weak Signal,Speculative,Moderate,Likely Noise,1,1,Needs Review,Single Source,Track only,"1 source file(s), 1 observation(s), latest stage Unknown Stage, identity confidence 100",single-source or thin source base; limited recurrence; specific project / sponsor / location clues
2026-06-23,20260623-000752-0e6f5f71,SQ-20260623-131,PRJ-20260623-0040,Infill housing in progress at 3676 S. Kelton Ave. in Palms,Beverly Hills / California,Unknown,Entitlement / Permitting - Beverly Hills / California - Infill housing in progress at 3676 S. Kelton Ave. in Palms,General Residential,50,23,85,60,22,49,Weak Signal,Speculative,Moderate,Likely Noise,1,1,Needs Review,Single Source,Track only,"1 source file(s), 1 observation(s), latest stage Unknown Stage, identity confidence 100",single-source or thin source base; limited recurrence; specific project / sponsor / location clues
2026-06-23,20260623-000752-0e6f5f71,SQ-20260623-134,PRJ-20260623-0081,"Measure ULA reform goes to the ballot, Remembering Lorcan O'Herlihy, and more",Los Angeles / California,Unknown,"General Project Signal - Los Angeles / California - Measure ULA reform goes to the ballot, Remembering Lorcan O'Herlihy, and more",General Residential,50,23,85,60,22,49,Weak Signal,Speculative,Moderate,Likely Noise,1,1,Needs Review,Single Source,Track only,"1 source file(s), 1 observation(s), latest stage Unknown Stage, identity confidence 100",single-source or thin source base; limited recurrence; specific project / sponsor / location clues
2026-06-23,20260623-000752-0e6f5f71,SQ-20260623-145,PRJ-20260623-0048,Two Bay Area Multifamily Buildings Sell Totaling Nearly $18M,California,Unknown,Acquisition - California - Two Bay Area Multifamily Buildings Sell Totaling Nearly $18M,General Residential,50,23,85,60,22,49,Weak Signal,Speculative,Moderate,Likely Noise,1,1,Needs Review,Single Source,Track only,"1 source file(s), 1 observation(s), latest stage Unknown Stage, identity confidence 100",single-source or thin source base; limited recurrence; specific project / sponsor / location clues
2026-06-23,20260623-000752-0e6f5f71,SQ-20260623-148,PRJ-20260623-0111,HKS Real Estate Arranges $37.5M Loan for Refinancing of Midtown Manhattan Apartment Building,New York City / New York,Unknown,Refinancing - New York City / New York - HKS Real Estate Arranges $37.5M Loan for Refinancing of Midtown Manhattan Apartment Buildi...,General Residential,50,28,85,60,20,49,Weak Signal,Speculative,Moderate,Likely Noise,1,2,Needs Review,Partial,Track only,"1 source file(s), 2 observation(s), latest stage Unknown Stage, identity confidence 100",single-source or thin source base; some recurrence; specific project / sponsor / location clues
2026-06-23,20260623-000752-0e6f5f71,SQ-20260623-149,PRJ-20260623-0104,"Kolter Inks $91.7M Construction Loan, Starts Work on Delray Beach Rental Community",Miami / Florida,Unknown,"Construction Financing - Miami / Florida - Kolter Inks $91.7M Construction Loan, Starts Work on Delray Beach Rental Community",General Residential,50,28,85,60,20,49,Weak Signal,Speculative,Moderate,Likely Noise,1,2,Needs Review,Partial,Track only,"1 source file(s), 2 observation(s), latest stage Unknown Stage, identity confidence 100",single-source or thin source base; some recurrence; specific project / sponsor / location clues
2026-06-23,20260623-000752-0e6f5f71,SQ-20260623-150,PRJ-20260623-0163,Oakline Properties Expands Management Portfolio with Acquisition of Multifamily Property Management Company ResidentialOne,Washington DC,Unknown,Acquisition - Washington DC - Oakline Properties Expands Management Portfolio with Acquisition of Multifamily Property M...,General Residential,50,28,85,60,20,49,Weak Signal,Speculative,Moderate,Likely Noise,1,2,Needs Review,Partial,Track only,"1 source file(s), 2 observation(s), latest stage Unknown Stage, identity confidence 100",single-source or thin source base; some recurrence; specific project / sponsor / location clues
2026-06-23,20260623-000752-0e6f5f71,SQ-20260623-151,PRJ-20260623-0073,Red Hill Kicking Off Magnolia Mixed-Use Project,Houston / Texas,Unknown,General Project Signal - Houston / Texas - Red Hill Kicking Off Magnolia Mixed-Use Project,General Residential,50,28,85,60,20,49,Weak Signal,Speculative,Moderate,Likely Noise,1,2,Needs Review,Partial,Track only,"1 source file(s), 2 observation(s), latest stage Unknown Stage, identity confidence 100",single-source or thin source base; some recurrence; specific project / sponsor / location clues
2026-06-23,20260623-000752-0e6f5f71,SQ-20260623-152,PRJ-20260623-0133,Work Underway on UTSA Student Housing Development,Phoenix / Arizona,Unknown,Development Start - Phoenix / Arizona - Work Underway on UTSA Student Housing Development,General Residential,50,28,85,60,20,49,Weak Signal,Speculative,Moderate,Likely Noise,1,2,Needs Review,Partial,Track only,"1 source file(s), 2 observation(s), latest stage Unknown Stage, identity confidence 100",single-source or thin source base; some recurrence; specific project / sponsor / location clues
2026-06-23,20260623-000752-0e6f5f71,SQ-20260623-090,PRJ-20260623-0022,Tide Equities Sells Phoenix Rental Asset for $41M,Phoenix / Arizona,Phoenix,Nitya Capital,Apartment,45,23,75,60,35,48,Weak Signal,Speculative,Moderate,Likely Noise,1,1,Needs Review,Single Source,Track only,"1 source file(s), 1 observation(s), latest stage Unknown Stage, identity confidence 100",single-source or thin source base; limited recurrence; specific project / sponsor / location clues
2026-06-23,20260623-000752-0e6f5f71,SQ-20260623-100,PRJ-20260623-0094,Disposition / Exit - San Francisco / California - Levin Johnston Arranges Two Sales on San Francisco Peninsula,Other / Unknown,Los Angeles,Marcus & Millichap,Apartment,45,28,75,60,30,48,Weak Signal,Speculative,Moderate,Likely Noise,1,2,Needs Review,Partial,Track only,"1 source file(s), 2 observation(s), latest stage Unknown Stage, identity confidence 100",single-source or thin source base; some recurrence; specific project / sponsor / location clues
2026-06-23,20260623-000752-0e6f5f71,SQ-20260623-060,PRJ-20260623-0018,Infill housing in progress at 3676 S. Kelton Ave. in Palms,Beverly Hills / California,Los Angeles,Unknown,Affordable Housing,45,23,60,60,51,47,Weak Signal,Speculative,Moderate,Likely Noise,1,1,Needs Review,Single Source,Track only,"1 source file(s), 1 observation(s), latest stage Unknown Stage, identity confidence 80",single-source or thin source base; limited recurrence; limited specificity
2026-06-23,20260623-000752-0e6f5f71,SQ-20260623-062,PRJ-20260623-0015,Adaptive reuse project gets colorful new exterior at 3325 Wilshire Blvd. in Koreatown,Los Angeles / California,Koreatown,Unknown,Office-to-Residential Conversion,45,23,60,60,50,47,Weak Signal,Speculative,Moderate,Likely Noise,1,1,Needs Review,Single Source,Track only,"1 source file(s), 1 observation(s), latest stage Unknown Stage, identity confidence 80",single-source or thin source base; limited recurrence; limited specificity
2026-06-23,20260623-000752-0e6f5f71,SQ-20260623-063,PRJ-20260623-0024,Kidder Closes Hollywood Multifamily Sale Despite Softening Rental Trends,Los Angeles / California,Hollywood,Unknown,Apartment,45,23,60,60,50,47,Weak Signal,Speculative,Moderate,Likely Noise,1,1,Needs Review,Single Source,Track only,"1 source file(s), 1 observation(s), latest stage Unknown Stage, identity confidence 80",single-source or thin source base; limited recurrence; limited specificity
2026-06-23,20260623-000752-0e6f5f71,SQ-20260623-069,PRJ-20260623-0003,"Grun Group Files Plans to Build 108 Units in Kew Gardens, Queens",New York City / New York,New York,Unknown,Multifamily,45,23,60,60,48,47,Weak Signal,Speculative,Moderate,Likely Noise,1,1,Needs Review,Single Source,Track only,"1 source file(s), 1 observation(s), latest stage Unknown Stage, identity confidence 80",single-source or thin source base; limited recurrence; limited specificity
2026-06-23,20260623-000752-0e6f5f71,SQ-20260623-068,PRJ-20260623-0030,Hunt Helming $125M Dallas Adaptive Reuse Venture,Dallas / Texas,Dallas,Unknown,Office-to-Residential Conversion,45,23,60,60,48,47,Weak Signal,Speculative,Moderate,Likely Noise,1,1,Needs Review,Single Source,Track only,"1 source file(s), 1 observation(s), latest stage Unknown Stage, identity confidence 80",single-source or thin source base; limited recurrence; limited specificity
2026-06-23,20260623-000752-0e6f5f71,SQ-20260623-070,PRJ-20260623-0032,Mixed-use project could replace Beverly Hills gas station at 8555 Wilshire Blvd.,Beverly Hills / California,Los Angeles,Unknown,Mixed-Use Residential,45,23,60,60,47,47,Weak Signal,Speculative,Moderate,Likely Noise,1,1,Needs Review,Single Source,Track only,"1 source file(s), 1 observation(s), latest stage Unknown Stage, identity confidence 80",single-source or thin source base; limited recurrence; limited specificity
2026-06-23,20260623-000752-0e6f5f71,SQ-20260623-072,PRJ-20260623-0007,Work beginning for Taix redevelopment at 1911 Sunset Blvd. in Echo Park,Los Angeles / California,Echo Park,Unknown,Affordable Housing,45,23,60,60,47,47,Weak Signal,Speculative,Moderate,Likely Noise,1,1,Needs Review,Single Source,Track only,"1 source file(s), 1 observation(s), latest stage Unknown Stage, identity confidence 80",single-source or thin source base; limited recurrence; limited specificity
2026-06-23,20260623-000752-0e6f5f71,SQ-20260623-155,PRJ-20260623-0069,"Brook Farm, Manor Park to Develop 336-Unit Multifamily Community in Savannah",Georgia,Unknown,"General Project Signal - Georgia - Brook Farm, Manor Park to Develop 336-Unit Multifamily Community in Savannah",General Residential,50,23,85,60,12,47,Weak Signal,Speculative,Moderate,Likely Noise,1,1,Needs Review,Single Source,Track only,"1 source file(s), 1 observation(s), latest stage Unknown Stage, identity confidence 100",single-source or thin source base; limited recurrence; specific project / sponsor / location clues
2026-06-23,20260623-000752-0e6f5f71,SQ-20260623-077,PRJ-20260623-0011,Senior housing commences work at 2120 Main St. in Huntington Beach,California,Los Angeles,Unknown,Senior Housing,45,23,60,60,45,46,Weak Signal,Speculative,Moderate,Likely Noise,1,1,Needs Review,Single Source,Track only,"1 source file(s), 1 observation(s), latest stage Unknown Stage, identity confidence 80",single-source or thin source base; limited recurrence; limited specificity
2026-06-23,20260623-000752-0e6f5f71,SQ-20260623-121,PRJ-20260623-0146,Development Start - Riverside / California - Riverside Investment & Development Breaks Ground on 12-Story West Loop Multifamily Develop...,Riverside / California,Riverside,Unknown,Mixed-Use Residential,65,23,60,60,22,46,Weak Signal,Speculative,Moderate,Likely Noise,1,1,Needs Review,Single Source,Track only,"1 source file(s), 1 observation(s), latest stage Unknown Stage, identity confidence 80",single-source or thin source base; limited recurrence; limited specificity
2026-06-23,20260623-000752-0e6f5f71,SQ-20260623-125,PRJ-20260623-0152,Entitlement / Permitting - Santa Monica / California - New plan for apartments at 745 17th Street in Santa Monica,Santa Monica / California,Santa Monica,Unknown,Apartment,65,23,60,60,22,46,Weak Signal,Speculative,Moderate,Likely Noise,1,1,Needs Review,Single Source,Track only,"1 source file(s), 1 observation(s), latest stage Unknown Stage, identity confidence 80",single-source or thin source base; limited recurrence; limited specificity
2026-06-23,20260623-000752-0e6f5f71,SQ-20260623-128,PRJ-20260623-0045,General Project Signal - New York City / New York - Naftali Credit Partners Arranges $75M Debt for Flatbush Condo Project,New York City / New York,Brooklyn,Unknown,Apartment,65,23,60,60,22,46,Weak Signal,Speculative,Moderate,Likely Noise,1,1,Needs Review,Single Source,Track only,"1 source file(s), 1 observation(s), latest stage Unknown Stage, identity confidence 80",single-source or thin source base; limited recurrence; limited specificity
2026-06-23,20260623-000752-0e6f5f71,SQ-20260623-098,PRJ-20260623-0016,Adaptive reuse project gets colorful new exterior at 3325 Wilshire Blvd. in Koreatown,Other / Unknown,Los Angeles,Unknown,Office-to-Residential Conversion,45,28,60,60,30,45,Weak Signal,Speculative,Moderate,Likely Noise,1,2,Needs Review,Partial,Track only,"1 source file(s), 2 observation(s), latest stage Unknown Stage, identity confidence 80",single-source or thin source base; some recurrence; limited specificity
2026-06-23,20260623-000752-0e6f5f71,SQ-20260623-104,PRJ-20260623-0019,Infill housing in progress at 3676 S. Kelton Ave. in Palms,Other / Unknown,Los Angeles,Unknown,Affordable Housing,45,28,60,60,30,45,Weak Signal,Speculative,Moderate,Likely Noise,1,2,Needs Review,Partial,Track only,"1 source file(s), 2 observation(s), latest stage Unknown Stage, identity confidence 80",single-source or thin source base; some recurrence; limited specificity
2026-06-23,20260623-000752-0e6f5f71,SQ-20260623-108,PRJ-20260623-0157,Native Realty Represents Both Sides in Sale of Flagler Village Multifamily Portfolio with Major Development Upside,Other / Unknown,Los Angeles,Unknown,Affordable Housing,45,28,60,60,30,45,Weak Signal,Speculative,Moderate,Likely Noise,1,2,Needs Review,Partial,Track only,"1 source file(s), 2 observation(s), latest stage Unknown Stage, identity confidence 80",single-source or thin source base; some recurrence; limited specificity
2026-06-23,20260623-000752-0e6f5f71,SQ-20260623-113,PRJ-20260623-0038,"Trilogy Investment Receives Construction Loan for 122-Unit Townhome Development in Emerson, Georgia",Other / Unknown,Los Angeles,Unknown,BTR / Single-Family Rental,45,28,60,60,30,45,Weak Signal,Speculative,Moderate,Likely Noise,1,2,Needs Review,Partial,Track only,"1 source file(s), 2 observation(s), latest stage Unknown Stage, identity confidence 80",single-source or thin source base; some recurrence; limited specificity
2026-06-23,20260623-000752-0e6f5f71,SQ-20260623-119,PRJ-20260623-0088,Berkadia Arranges $124.65M Refinancing of Mixed-Use Multifamily Community in Dallas-Fort Worth Metroplex,Other / Unknown,Los Angeles,Berkadia,Mixed-Use Residential,45,23,75,60,22,45,Weak Signal,Speculative,Moderate,Likely Noise,1,1,Needs Review,Single Source,Track only,"1 source file(s), 1 observation(s), latest stage Unknown Stage, identity confidence 100",single-source or thin source base; limited recurrence; specific project / sponsor / location clues
2026-06-23,20260623-000752-0e6f5f71,SQ-20260623-120,PRJ-20260623-0093,"Construction Financing - California - JLL Arranges Debt, Equity for Luxury Condo Development in Downtown Lafayette",Other / Unknown,Los Angeles,JLL,Apartment,45,23,75,60,22,45,Weak Signal,Speculative,Moderate,Likely Noise,1,1,Needs Review,Single Source,Track only,"1 source file(s), 1 observation(s), latest stage Unknown Stage, identity confidence 100",single-source or thin source base; limited recurrence; specific project / sponsor / location clues
2026-06-23,20260623-000752-0e6f5f71,SQ-20260623-122,PRJ-20260623-0096,Disposition / Exit - Phoenix / Arizona - Quarterra Sells 290-Unit Kierland Rental Asset,Other / Unknown,Los Angeles,Quarterra,Apartment,45,23,75,60,22,45,Weak Signal,Speculative,Moderate,Likely Noise,1,1,Needs Review,Single Source,Track only,"1 source file(s), 1 observation(s), latest stage Unknown Stage, identity confidence 100",single-source or thin source base; limited recurrence; specific project / sponsor / location clues
2026-06-23,20260623-000752-0e6f5f71,SQ-20260623-124,PRJ-20260623-0091,Entitlement / Permitting - Los Angeles / California - Work beginning for Taix redevelopment at 1911 Sunset Blvd. in Echo Park,Other / Unknown,Los Angeles,Holland Partner Group,Affordable Housing,45,23,75,60,22,45,Weak Signal,Speculative,Moderate,Likely Noise,1,1,Needs Review,Single Source,Track only,"1 source file(s), 1 observation(s), latest stage Unknown Stage, identity confidence 100",single-source or thin source base; limited recurrence; specific project / sponsor / location clues
2026-06-23,20260623-000752-0e6f5f71,SQ-20260623-136,PRJ-20260623-0095,Naftali Credit Partners Arranges $75M Debt for Flatbush Condo Project,Other / Unknown,Los Angeles,Naftali Credit Partners,Apartment,45,23,75,60,22,45,Weak Signal,Speculative,Moderate,Likely Noise,1,1,Needs Review,Single Source,Track only,"1 source file(s), 1 observation(s), latest stage Unknown Stage, identity confidence 100",single-source or thin source base; limited recurrence; specific project / sponsor / location clues
2026-06-23,20260623-000752-0e6f5f71,SQ-20260623-141,PRJ-20260623-0090,Refinancing - Dallas / Texas - Berkadia Arranges $124.65M Refinancing of Mixed-Use Multifamily Community in Dallas-Fort W...,Other / Unknown,Los Angeles,Harbor Group International,Mixed-Use Residential,45,23,75,60,22,45,Weak Signal,Speculative,Moderate,Likely Noise,1,1,Needs Review,Single Source,Track only,"1 source file(s), 1 observation(s), latest stage Unknown Stage, identity confidence 100",single-source or thin source base; limited recurrence; specific project / sponsor / location clues
2026-06-23,20260623-000752-0e6f5f71,SQ-20260623-142,PRJ-20260623-0089,Refinancing - Dallas / Texas - Blackstone Provides $125M Refi for Dallas-Area Multifamily Mixed-Use Complex,Other / Unknown,Los Angeles,Blackstone,Mixed-Use Residential,45,23,75,60,22,45,Weak Signal,Speculative,Moderate,Likely Noise,1,1,Needs Review,Single Source,Track only,"1 source file(s), 1 observation(s), latest stage Unknown Stage, identity confidence 100",single-source or thin source base; limited recurrence; specific project / sponsor / location clues
2026-06-23,20260623-000752-0e6f5f71,SQ-20260623-051,PRJ-20260623-0026,"Planning Commission Recommends Approval For 616 South B Street, San Mateo",Other / Unknown,Unknown,Unknown,Mixed-Use Residential,45,46,60,60,58,44,Weak Signal,Speculative,High,Likely Noise,2,2,Needs Review,Partial,Track only,"2 source file(s), 2 observation(s), latest stage Unknown Stage, identity confidence 80",partial source diversity; some recurrence; limited specificity; false-positive risk needs review
2026-06-23,20260623-000752-0e6f5f71,SQ-20260623-154,PRJ-20260623-0162,Acquisition - Washington DC - Oakline Properties Expands Management Portfolio with Acquisition of Multifamily Property M...,Washington DC,Virginia,Unknown,Apartment,65,23,60,60,12,44,Weak Signal,Speculative,High,Likely Noise,1,1,Needs Review,Single Source,Track only,"1 source file(s), 1 observation(s), latest stage Unknown Stage, identity confidence 80",single-source or thin source base; limited recurrence; limited specificity; false-positive risk needs review
2026-06-23,20260623-000752-0e6f5f71,SQ-20260623-123,PRJ-20260623-0042,Entitlement / Permitting - Beverly Hills / California - Infill housing in progress at 3676 S. Kelton Ave. in Palms,Other / Unknown,Beverly Hills / California,Unknown,Affordable Housing,45,23,60,60,22,42,Weak Signal,Speculative,High,Likely Noise,1,1,Needs Review,Single Source,Track only,"1 source file(s), 1 observation(s), latest stage Unknown Stage, identity confidence 80",single-source or thin source base; limited recurrence; limited specificity; false-positive risk needs review
2026-06-23,20260623-000752-0e6f5f71,SQ-20260623-129,PRJ-20260623-0004,"Grun Group Files Plans to Build 108 Units in Kew Gardens, Queens",Other / Unknown,Los Angeles,Unknown,Multifamily,45,23,60,60,22,42,Weak Signal,Speculative,High,Likely Noise,1,1,Needs Review,Single Source,Track only,"1 source file(s), 1 observation(s), latest stage Unknown Stage, identity confidence 80",single-source or thin source base; limited recurrence; limited specificity; false-positive risk needs review
2026-06-23,20260623-000752-0e6f5f71,SQ-20260623-130,PRJ-20260623-0031,Hunt Helming $125M Dallas Adaptive Reuse Venture,Other / Unknown,Los Angeles,Unknown,Office-to-Residential Conversion,45,23,60,60,22,42,Weak Signal,Speculative,High,Likely Noise,1,1,Needs Review,Single Source,Track only,"1 source file(s), 1 observation(s), latest stage Unknown Stage, identity confidence 80",single-source or thin source base; limited recurrence; limited specificity; false-positive risk needs review
2026-06-23,20260623-000752-0e6f5f71,SQ-20260623-132,PRJ-20260623-0025,Kidder Closes Hollywood Multifamily Sale Despite Softening Rental Trends,Other / Unknown,Los Angeles,Unknown,Apartment,45,23,60,60,22,42,Weak Signal,Speculative,High,Likely Noise,1,1,Needs Review,Single Source,Track only,"1 source file(s), 1 observation(s), latest stage Unknown Stage, identity confidence 80",single-source or thin source base; limited recurrence; limited specificity; false-positive risk needs review
2026-06-23,20260623-000752-0e6f5f71,SQ-20260623-133,PRJ-20260623-0010,"Kolter Inks $91.7M Construction Loan, Starts Work on Delray Beach Rental Community",Other / Unknown,Los Angeles,Unknown,Apartment,45,23,60,60,22,42,Weak Signal,Speculative,High,Likely Noise,1,1,Needs Review,Single Source,Track only,"1 source file(s), 1 observation(s), latest stage Unknown Stage, identity confidence 80",single-source or thin source base; limited recurrence; limited specificity; false-positive risk needs review
2026-06-23,20260623-000752-0e6f5f71,SQ-20260623-135,PRJ-20260623-0033,Mixed-use project could replace Beverly Hills gas station at 8555 Wilshire Blvd.,Other / Unknown,Los Angeles,Unknown,Mixed-Use Residential,45,23,60,60,22,42,Weak Signal,Speculative,High,Likely Noise,1,1,Needs Review,Single Source,Track only,"1 source file(s), 1 observation(s), latest stage Unknown Stage, identity confidence 80",single-source or thin source base; limited recurrence; limited specificity; false-positive risk needs review
2026-06-23,20260623-000752-0e6f5f71,SQ-20260623-137,PRJ-20260623-0046,Naftali Credit Partners Arranges $75M Debt for Flatbush Condo Project,Other / Unknown,Los Angeles,Unknown,Apartment,45,23,60,60,22,42,Weak Signal,Speculative,High,Likely Noise,1,1,Needs Review,Single Source,Track only,"1 source file(s), 1 observation(s), latest stage Unknown Stage, identity confidence 80",single-source or thin source base; limited recurrence; limited specificity; false-positive risk needs review
2026-06-23,20260623-000752-0e6f5f71,SQ-20260623-138,PRJ-20260623-0028,Native Realty Represents Both Sides in Sale of Flagler Village Multifamily Portfolio with Major Development Upside,Other / Unknown,Los Angeles,Unknown,Multifamily,45,23,60,60,22,42,Weak Signal,Speculative,High,Likely Noise,1,1,Needs Review,Single Source,Track only,"1 source file(s), 1 observation(s), latest stage Unknown Stage, identity confidence 80",single-source or thin source base; limited recurrence; limited specificity; false-positive risk needs review
2026-06-23,20260623-000752-0e6f5f71,SQ-20260623-139,PRJ-20260623-0151,New plan for apartments at 745 17th Street in Santa Monica,Other / Unknown,Los Angeles,Unknown,Apartment,45,23,60,60,22,42,Weak Signal,Speculative,High,Likely Noise,1,1,Needs Review,Single Source,Track only,"1 source file(s), 1 observation(s), latest stage Unknown Stage, identity confidence 80",single-source or thin source base; limited recurrence; limited specificity; false-positive risk needs review
2026-06-23,20260623-000752-0e6f5f71,SQ-20260623-140,PRJ-20260623-0076,Red Hill Kicking Off Magnolia Mixed-Use Project,Other / Unknown,Los Angeles,Unknown,Mixed-Use Residential,45,23,60,60,22,42,Weak Signal,Speculative,High,Likely Noise,1,1,Needs Review,Single Source,Track only,"1 source file(s), 1 observation(s), latest stage Unknown Stage, identity confidence 80",single-source or thin source base; limited recurrence; limited specificity; false-positive risk needs review
2026-06-23,20260623-000752-0e6f5f71,SQ-20260623-143,PRJ-20260623-0145,Riverside Investment & Development Breaks Ground on 12-Story West Loop Multifamily Development in Chicago,Other / Unknown,Los Angeles,Unknown,Mixed-Use Residential,45,23,60,60,22,42,Weak Signal,Speculative,High,Likely Noise,1,1,Needs Review,Single Source,Track only,"1 source file(s), 1 observation(s), latest stage Unknown Stage, identity confidence 80",single-source or thin source base; limited recurrence; limited specificity; false-positive risk needs review
2026-06-23,20260623-000752-0e6f5f71,SQ-20260623-144,PRJ-20260623-0012,Senior housing commences work at 2120 Main St. in Huntington Beach,Other / Unknown,Los Angeles,Unknown,Senior Housing,45,23,60,60,22,42,Weak Signal,Speculative,High,Likely Noise,1,1,Needs Review,Single Source,Track only,"1 source file(s), 1 observation(s), latest stage Unknown Stage, identity confidence 80",single-source or thin source base; limited recurrence; limited specificity; false-positive risk needs review
2026-06-23,20260623-000752-0e6f5f71,SQ-20260623-146,PRJ-20260623-0014,Two Bay Area Multifamily Buildings Sell Totaling Nearly $18M,Other / Unknown,Los Angeles,Unknown,Multifamily,45,23,60,60,22,42,Weak Signal,Speculative,High,Likely Noise,1,1,Needs Review,Single Source,Track only,"1 source file(s), 1 observation(s), latest stage Unknown Stage, identity confidence 80",single-source or thin source base; limited recurrence; limited specificity; false-positive risk needs review
2026-06-23,20260623-000752-0e6f5f71,SQ-20260623-147,PRJ-20260623-0008,Work beginning for Taix redevelopment at 1911 Sunset Blvd. in Echo Park,Other / Unknown,Los Angeles,Unknown,Affordable Housing,45,23,60,60,22,42,Weak Signal,Speculative,High,Likely Noise,1,1,Needs Review,Single Source,Track only,"1 source file(s), 1 observation(s), latest stage Unknown Stage, identity confidence 80",single-source or thin source base; limited recurrence; limited specificity; false-positive risk needs review
2026-06-23,20260623-000752-0e6f5f71,SQ-20260623-153,PRJ-20260623-0119,154 New Build-to-Rent Multifamily Apartment Homes Coming to Fairborn Ohio,Other / Unknown,Unknown,BTR / Build-to-Rent - Other / Unknown - 154 New Build-to-Rent Multifamily Apartment Homes Coming to Fairborn Ohio,General Residential,50,23,65,60,12,42,Weak Signal,Speculative,High,Likely Noise,1,1,Needs Review,Single Source,Track only,"1 source file(s), 1 observation(s), latest stage Unknown Stage, identity confidence 100",single-source or thin source base; limited recurrence; limited specificity; false-positive risk needs review
2026-06-23,20260623-000752-0e6f5f71,SQ-20260623-156,PRJ-20260623-0125,Colliers Facilitates Sale of 118-Unit Multifamily Apartment Property in Bozeman,Other / Unknown,Unknown,Disposition / Exit - Other / Unknown - Colliers Facilitates Sale of 118-Unit Multifamily Apartment Property in Bozeman,General Residential,50,23,65,60,12,42,Weak Signal,Speculative,High,Likely Noise,1,1,Needs Review,Single Source,Track only,"1 source file(s), 1 observation(s), latest stage Unknown Stage, identity confidence 100",single-source or thin source base; limited recurrence; limited specificity; false-positive risk needs review
2026-06-23,20260623-000752-0e6f5f71,SQ-20260623-157,PRJ-20260623-0120,First Quarter 2026 Multifamily Construction Data,Other / Unknown,Unknown,Development Start - Other / Unknown - First Quarter 2026 Multifamily Construction Data,General Residential,50,23,65,60,12,42,Weak Signal,Speculative,High,Likely Noise,1,1,Needs Review,Single Source,Track only,"1 source file(s), 1 observation(s), latest stage Unknown Stage, identity confidence 100",single-source or thin source base; limited recurrence; limited specificity; false-positive risk needs review
2026-06-23,20260623-000752-0e6f5f71,SQ-20260623-158,PRJ-20260623-0121,Fourth Quarter 2025 Multifamily Construction Data,Other / Unknown,Unknown,Development Start - Other / Unknown - Fourth Quarter 2025 Multifamily Construction Data,General Residential,50,23,65,60,12,42,Weak Signal,Speculative,High,Likely Noise,1,1,Needs Review,Single Source,Track only,"1 source file(s), 1 observation(s), latest stage Unknown Stage, identity confidence 100",single-source or thin source base; limited recurrence; limited specificity; false-positive risk needs review
2026-06-23,20260623-000752-0e6f5f71,SQ-20260623-159,PRJ-20260623-0122,Missing Middle Weakness,Other / Unknown,Unknown,Development Start - Other / Unknown - Missing Middle Weakness,General Residential,50,23,65,60,12,42,Weak Signal,Speculative,High,Likely Noise,1,1,Needs Review,Single Source,Track only,"1 source file(s), 1 observation(s), latest stage Unknown Stage, identity confidence 100",single-source or thin source base; limited recurrence; limited specificity; false-positive risk needs review
2026-06-23,20260623-000752-0e6f5f71,SQ-20260623-160,PRJ-20260623-0128,Multifamily Absorption Rate Remains Below 50%,Other / Unknown,Unknown,General Project Signal - Other / Unknown - Multifamily Absorption Rate Remains Below 50%,General Residential,50,23,65,60,12,42,Weak Signal,Speculative,High,Likely Noise,1,1,Needs Review,Single Source,Track only,"1 source file(s), 1 observation(s), latest stage Unknown Stage, identity confidence 100",single-source or thin source base; limited recurrence; limited specificity; false-positive risk needs review
2026-06-23,20260623-000752-0e6f5f71,SQ-20260623-161,PRJ-20260623-0126,NAHB HBGI: Micro Markets Lone Bright Spot for Single-Family Building in Fourth Quarter,Other / Unknown,Unknown,Disposition / Exit - Other / Unknown - NAHB HBGI: Micro Markets Lone Bright Spot for Single-Family Building in Fourth Quarter,General Residential,50,23,65,60,12,42,Weak Signal,Speculative,High,Likely Noise,1,1,Needs Review,Single Source,Track only,"1 source file(s), 1 observation(s), latest stage Unknown Stage, identity confidence 100",single-source or thin source base; limited recurrence; limited specificity; false-positive risk needs review
2026-06-23,20260623-000752-0e6f5f71,SQ-20260623-162,PRJ-20260623-0127,Northmarq Investment Sales team facilitates $14M sale of Mossy Oaks Apartments in Beaufort South Carolina,Other / Unknown,Unknown,Disposition / Exit - Other / Unknown - Northmarq Investment Sales team facilitates $14M sale of Mossy Oaks Apartments in Beaufort...,General Residential,50,23,65,60,12,42,Weak Signal,Speculative,High,Likely Noise,1,1,Needs Review,Single Source,Track only,"1 source file(s), 1 observation(s), latest stage Unknown Stage, identity confidence 100",single-source or thin source base; limited recurrence; limited specificity; false-positive risk needs review
2026-06-23,20260623-000752-0e6f5f71,SQ-20260623-163,PRJ-20260623-0123,Overall Housing Starts Inch Lower in 2025,Other / Unknown,Unknown,Development Start - Other / Unknown - Overall Housing Starts Inch Lower in 2025,General Residential,50,23,65,60,12,42,Weak Signal,Speculative,High,Likely Noise,1,1,Needs Review,Single Source,Track only,"1 source file(s), 1 observation(s), latest stage Unknown Stage, identity confidence 100",single-source or thin source base; limited recurrence; limited specificity; false-positive risk needs review
2026-06-23,20260623-000752-0e6f5f71,SQ-20260623-164,PRJ-20260623-0124,Third Quarter 2025 Multifamily Construction Data,Other / Unknown,Unknown,Development Start - Other / Unknown - Third Quarter 2025 Multifamily Construction Data,General Residential,50,23,65,60,12,42,Weak Signal,Speculative,High,Likely Noise,1,1,Needs Review,Single Source,Track only,"1 source file(s), 1 observation(s), latest stage Unknown Stage, identity confidence 100",single-source or thin source base; limited recurrence; limited specificity; false-positive risk needs review
2026-06-23,20260623-000752-0e6f5f71,SQ-20260623-093,PRJ-20260623-0144,Development Start - Riverside / California - Riverside Investment & Development Breaks Ground on 12-Story West Loop Multifamily Develop...,Riverside / California,Unknown,Unknown,Mixed-Use Residential,50,46,60,60,34,40,Weak Signal,Speculative,High,Likely Noise,2,2,Needs Review,Partial,Track only,"2 source file(s), 2 observation(s), latest stage Unknown Stage, identity confidence 80",partial source diversity; some recurrence; limited specificity; false-positive risk needs review
2026-06-23,20260623-000752-0e6f5f71,SQ-20260623-095,PRJ-20260623-0150,Entitlement / Permitting - Santa Monica / California - New plan for apartments at 745 17th Street in Santa Monica,Santa Monica / California,Unknown,Unknown,Apartment,50,46,60,60,34,40,Weak Signal,Speculative,High,Likely Noise,2,2,Needs Review,Partial,Track only,"2 source file(s), 2 observation(s), latest stage Unknown Stage, identity confidence 80",partial source diversity; some recurrence; limited specificity; false-positive risk needs review
2026-06-23,20260623-000752-0e6f5f71,SQ-20260623-117,PRJ-20260623-0164,Acquisition - Washington DC - Oakline Properties Expands Management Portfolio with Acquisition of Multifamily Property M...,Washington DC,Unknown,Unknown,Apartment,50,46,60,60,24,38,Noise Risk,Weak,High,Likely Noise,2,2,Needs Review,Partial,Deprioritize,"2 source file(s), 2 observation(s), latest stage Unknown Stage, identity confidence 80",partial source diversity; some recurrence; limited specificity; false-positive risk needs review
2026-06-23,20260623-000752-0e6f5f71,SQ-20260623-127,PRJ-20260623-0074,General Project Signal - Houston / Texas - Red Hill Kicking Off Magnolia Mixed-Use Project,Houston / Texas,Unknown,Unknown,Mixed-Use Residential,50,46,60,60,24,38,Noise Risk,Weak,High,Likely Noise,2,2,Needs Review,Partial,Deprioritize,"2 source file(s), 2 observation(s), latest stage Unknown Stage, identity confidence 80",partial source diversity; some recurrence; limited specificity; false-positive risk needs review
2026-06-23,20260623-000752-0e6f5f71,SQ-20260623-067,PRJ-20260623-0013,Two Bay Area Multifamily Buildings Sell Totaling Nearly $18M,California,Unknown,Unknown,Multifamily,45,23,60,60,48,37,Noise Risk,Weak,High,Likely Noise,1,1,Needs Review,Single Source,Deprioritize,"1 source file(s), 1 observation(s), latest stage Unknown Stage, identity confidence 80",single-source or thin source base; limited recurrence; limited specificity; false-positive risk needs review
2026-06-23,20260623-000752-0e6f5f71,SQ-20260623-076,PRJ-20260623-0027,Native Realty Represents Both Sides in Sale of Flagler Village Multifamily Portfolio with Major Development Upside,Miami / Florida,Unknown,Unknown,Multifamily,45,23,60,60,46,36,Noise Risk,Weak,High,Likely Noise,1,1,Needs Review,Single Source,Deprioritize,"1 source file(s), 1 observation(s), latest stage Unknown Stage, identity confidence 80",single-source or thin source base; limited recurrence; limited specificity; false-positive risk needs review
2026-06-23,20260623-000752-0e6f5f71,SQ-20260623-084,PRJ-20260623-0009,"Kolter Inks $91.7M Construction Loan, Starts Work on Delray Beach Rental Community",Miami / Florida,Unknown,Unknown,Apartment,45,23,60,60,40,35,Noise Risk,Weak,High,Likely Noise,1,1,Needs Review,Single Source,Deprioritize,"1 source file(s), 1 observation(s), latest stage Unknown Stage, identity confidence 80",single-source or thin source base; limited recurrence; limited specificity; false-positive risk needs review
