run_date,run_id,run_timestamp,source_name,source_category,platform_type,source_url,feed_status,entries_found,articles_saved,gp_related_articles,residential_sector_focus,source_priority,needs_manual_review,notes
2026-05-30,20260530-230208-ccf8785d,2026-05-30 23:02:08,Blackstone Real Estate Source Expansion,Developer / GP Source Expansion,Institutional Capital Platform,https://www.blackstone.com/news/rss/,OK,10,1,0,General Residential,Critical Source,No,Source produced saved articles in this run.
2026-05-30,20260530-230208-ccf8785d,2026-05-30 23:02:08,Blackstone Real Estate,Developer / GP Newsrooms,Other,https://www.blackstone.com/news/rss/,OK,10,1,0,General Residential,Critical Source,No,Source produced saved articles in this run.
2026-05-30,20260530-230208-ccf8785d,2026-05-30 23:02:08,Hines Source Expansion,Developer / GP Source Expansion,Institutional Capital Platform,https://www.hines.com/news/feed,Failed,0,0,0,General Residential,High Priority Source,Yes,RSS parsing issue
2026-05-30,20260530-230208-ccf8785d,2026-05-30 23:02:08,Berkadia Source Expansion,Developer / GP Source Expansion,Lender / Debt Platform,https://berkadia.com/feed/,Failed,0,0,0,General Residential,High Priority Source,Yes,RSS parsing issue
2026-05-30,20260530-230208-ccf8785d,2026-05-30 23:02:08,Walker & Dunlop Source Expansion,Developer / GP Source Expansion,Lender / Debt Platform,https://www.walkerdunlop.com/insights/feed/,Failed,0,0,0,General Residential,High Priority Source,Yes,RSS parsing issue
2026-05-30,20260530-230208-ccf8785d,2026-05-30 23:02:08,Berkadia Research,Brokerage / Debt / Research,Other,https://berkadia.com/feed/,Failed,0,0,0,General Residential,High Priority Source,Yes,RSS parsing issue
2026-05-30,20260530-230208-ccf8785d,2026-05-30 23:02:08,Hines Newsroom,Developer / GP Newsrooms,Other,https://www.hines.com/news/feed,Failed,0,0,0,General Residential,High Priority Source,Yes,RSS parsing issue
2026-05-30,20260530-230208-ccf8785d,2026-05-30 23:02:08,Walker & Dunlop Insights,Brokerage / Debt / Research,Other,https://www.walkerdunlop.com/insights/feed/,Failed,0,0,0,General Residential,High Priority Source,Yes,RSS parsing issue
2026-05-30,20260530-230208-ccf8785d,2026-05-30 23:02:08,NMHC News,Institutional Real Estate / Capital Markets,Other,https://www.nmhc.org/news/rss/,Failed,0,0,0,General Residential,Watch Source,Yes,RSS parsing issue
2026-05-30,20260530-230208-ccf8785d,2026-05-30 23:02:08,Urban Land Institute,Institutional Real Estate / Capital Markets,Other,https://urbanland.uli.org/feed/,Failed,0,0,0,General Residential,Watch Source,Yes,RSS parsing issue
2026-05-30,20260530-230208-ccf8785d,2026-05-30 23:02:08,WealthManagement Real Estate,Institutional Real Estate / Capital Markets,Other,https://www.wealthmanagement.com/rss.xml,OK,50,0,0,General Residential,Watch Source,No,"Feed works, but no articles passed the current strategy filters."
2026-05-30,20260530-230208-ccf8785d,2026-05-30 23:02:08,AHV Communities Source Expansion,Developer / GP Source Expansion,BTR / SFR Platform,,Disabled,0,0,0,BTR / Single-Family Rental,Placeholder / Needs Review,Yes,"Confirm whether a public newsroom, RSS, press release, or insights feed exists."
2026-05-30,20260530-230208-ccf8785d,2026-05-30 23:02:08,American Homes 4 Rent Source Expansion,Developer / GP Source Expansion,BTR / SFR Platform,,Disabled,0,0,0,BTR / Single-Family Rental,Placeholder / Needs Review,Yes,"Confirm whether a public newsroom, RSS, press release, or insights feed exists."
2026-05-30,20260530-230208-ccf8785d,2026-05-30 23:02:08,BB Living Source Expansion,Developer / GP Source Expansion,BTR / SFR Platform,,Disabled,0,0,0,BTR / Single-Family Rental,Placeholder / Needs Review,Yes,"Confirm whether a public newsroom, RSS, press release, or insights feed exists."
2026-05-30,20260530-230208-ccf8785d,2026-05-30 23:02:08,Christopher Todd Communities Source Expansion,Developer / GP Source Expansion,BTR / SFR Platform,,Disabled,0,0,0,BTR / Single-Family Rental,Placeholder / Needs Review,Yes,"Confirm whether a public newsroom, RSS, press release, or insights feed exists."
2026-05-30,20260530-230208-ccf8785d,2026-05-30 23:02:08,Invitation Homes Source Expansion,Developer / GP Source Expansion,BTR / SFR Platform,,Disabled,0,0,0,BTR / Single-Family Rental,Placeholder / Needs Review,Yes,"Confirm whether a public newsroom, RSS, press release, or insights feed exists."
2026-05-30,20260530-230208-ccf8785d,2026-05-30 23:02:08,NexMetro Communities Source Expansion,Developer / GP Source Expansion,BTR / SFR Platform,,Disabled,0,0,0,BTR / Single-Family Rental,Placeholder / Needs Review,Yes,"Confirm whether a public newsroom, RSS, press release, or insights feed exists."
2026-05-30,20260530-230208-ccf8785d,2026-05-30 23:02:08,Pretium Source Expansion,Developer / GP Source Expansion,BTR / SFR Platform,,Disabled,0,0,0,BTR / Single-Family Rental,Placeholder / Needs Review,Yes,"Confirm whether a public newsroom, RSS, press release, or insights feed exists."
2026-05-30,20260530-230208-ccf8785d,2026-05-30 23:02:08,Progress Residential Source Expansion,Developer / GP Source Expansion,BTR / SFR Platform,,Disabled,0,0,0,BTR / Single-Family Rental,Placeholder / Needs Review,Yes,"Confirm whether a public newsroom, RSS, press release, or insights feed exists."
2026-05-30,20260530-230208-ccf8785d,2026-05-30 23:02:08,Quinn Residences Source Expansion,Developer / GP Source Expansion,BTR / SFR Platform,,Disabled,0,0,0,BTR / Single-Family Rental,Placeholder / Needs Review,Yes,"Confirm whether a public newsroom, RSS, press release, or insights feed exists."
2026-05-30,20260530-230208-ccf8785d,2026-05-30 23:02:08,Tricon Residential Source Expansion,Developer / GP Source Expansion,BTR / SFR Platform,,Disabled,0,0,0,BTR / Single-Family Rental,Placeholder / Needs Review,Yes,"Confirm whether a public newsroom, RSS, press release, or insights feed exists."
2026-05-30,20260530-230208-ccf8785d,2026-05-30 23:02:08,CBRE Capital Markets Source Expansion,Developer / GP Source Expansion,Brokerage / Advisor,,Disabled,0,0,0,General Residential,Placeholder / Needs Review,Yes,"Confirm whether a public newsroom, RSS, press release, or insights feed exists."
2026-05-30,20260530-230208-ccf8785d,2026-05-30 23:02:08,Cushman & Wakefield Source Expansion,Developer / GP Source Expansion,Brokerage / Advisor,,Disabled,0,0,0,General Residential,Placeholder / Needs Review,Yes,"Confirm whether a public newsroom, RSS, press release, or insights feed exists."
2026-05-30,20260530-230208-ccf8785d,2026-05-30 23:02:08,Eastdil Secured Source Expansion,Developer / GP Source Expansion,Brokerage / Advisor,,Disabled,0,0,0,General Residential,Placeholder / Needs Review,Yes,"Confirm whether a public newsroom, RSS, press release, or insights feed exists."
2026-05-30,20260530-230208-ccf8785d,2026-05-30 23:02:08,JLL Capital Markets Source Expansion,Developer / GP Source Expansion,Brokerage / Advisor,,Disabled,0,0,0,General Residential,Placeholder / Needs Review,Yes,"Confirm whether a public newsroom, RSS, press release, or insights feed exists."
2026-05-30,20260530-230208-ccf8785d,2026-05-30 23:02:08,Newmark Source Expansion,Developer / GP Source Expansion,Brokerage / Advisor,,Disabled,0,0,0,General Residential,Placeholder / Needs Review,Yes,"Confirm whether a public newsroom, RSS, press release, or insights feed exists."
2026-05-30,20260530-230208-ccf8785d,2026-05-30 23:02:08,Apollo Real Estate Source Expansion,Developer / GP Source Expansion,Institutional Capital Platform,,Disabled,0,0,0,General Residential,Placeholder / Needs Review,Yes,"Confirm whether a public newsroom, RSS, press release, or insights feed exists."
2026-05-30,20260530-230208-ccf8785d,2026-05-30 23:02:08,BGO Source Expansion,Developer / GP Source Expansion,Institutional Capital Platform,,Disabled,0,0,0,General Residential,Placeholder / Needs Review,Yes,"Confirm whether a public newsroom, RSS, press release, or insights feed exists."
2026-05-30,20260530-230208-ccf8785d,2026-05-30 23:02:08,Brookfield Real Estate Source Expansion,Developer / GP Source Expansion,Institutional Capital Platform,,Disabled,0,0,0,General Residential,Placeholder / Needs Review,Yes,"Confirm whether a public newsroom, RSS, press release, or insights feed exists."
2026-05-30,20260530-230208-ccf8785d,2026-05-30 23:02:08,CIM Group Source Expansion,Developer / GP Source Expansion,Institutional Capital Platform,,Disabled,0,0,0,General Residential,Placeholder / Needs Review,Yes,"Confirm whether a public newsroom, RSS, press release, or insights feed exists."
2026-05-30,20260530-230208-ccf8785d,2026-05-30 23:02:08,Carlyle Real Estate Source Expansion,Developer / GP Source Expansion,Institutional Capital Platform,,Disabled,0,0,0,General Residential,Placeholder / Needs Review,Yes,"Confirm whether a public newsroom, RSS, press release, or insights feed exists."
2026-05-30,20260530-230208-ccf8785d,2026-05-30 23:02:08,Carmel Partners Source Expansion,Developer / GP Source Expansion,Institutional Capital Platform,,Disabled,0,0,0,General Residential,Placeholder / Needs Review,Yes,"Confirm whether a public newsroom, RSS, press release, or insights feed exists."
2026-05-30,20260530-230208-ccf8785d,2026-05-30 23:02:08,GID Source Expansion,Developer / GP Source Expansion,Institutional Capital Platform,,Disabled,0,0,0,General Residential,Placeholder / Needs Review,Yes,"Confirm whether a public newsroom, RSS, press release, or insights feed exists."
2026-05-30,20260530-230208-ccf8785d,2026-05-30 23:02:08,Harbor Group International Source Expansion,Developer / GP Source Expansion,Institutional Capital Platform,,Disabled,0,0,0,General Residential,Placeholder / Needs Review,Yes,"Confirm whether a public newsroom, RSS, press release, or insights feed exists."
2026-05-30,20260530-230208-ccf8785d,2026-05-30 23:02:08,KKR Real Estate Source Expansion,Developer / GP Source Expansion,Institutional Capital Platform,,Disabled,0,0,0,General Residential,Placeholder / Needs Review,Yes,"Confirm whether a public newsroom, RSS, press release, or insights feed exists."
2026-05-30,20260530-230208-ccf8785d,2026-05-30 23:02:08,Kennedy Wilson Source Expansion,Developer / GP Source Expansion,Institutional Capital Platform,,Disabled,0,0,0,General Residential,Placeholder / Needs Review,Yes,"Confirm whether a public newsroom, RSS, press release, or insights feed exists."
2026-05-30,20260530-230208-ccf8785d,2026-05-30 23:02:08,LivCor Source Expansion,Developer / GP Source Expansion,Institutional Capital Platform,,Disabled,0,0,0,General Residential,Placeholder / Needs Review,Yes,"Confirm whether a public newsroom, RSS, press release, or insights feed exists."
2026-05-30,20260530-230208-ccf8785d,2026-05-30 23:02:08,Nuveen Real Estate Source Expansion,Developer / GP Source Expansion,Institutional Capital Platform,,Disabled,0,0,0,General Residential,Placeholder / Needs Review,Yes,"Confirm whether a public newsroom, RSS, press release, or insights feed exists."
2026-05-30,20260530-230208-ccf8785d,2026-05-30 23:02:08,PGIM Real Estate Source Expansion,Developer / GP Source Expansion,Institutional Capital Platform,,Disabled,0,0,0,General Residential,Placeholder / Needs Review,Yes,"Confirm whether a public newsroom, RSS, press release, or insights feed exists."
2026-05-30,20260530-230208-ccf8785d,2026-05-30 23:02:08,Starwood Capital Source Expansion,Developer / GP Source Expansion,Institutional Capital Platform,,Disabled,0,0,0,General Residential,Placeholder / Needs Review,Yes,"Confirm whether a public newsroom, RSS, press release, or insights feed exists."
2026-05-30,20260530-230208-ccf8785d,2026-05-30 23:02:08,Waterton Source Expansion,Developer / GP Source Expansion,Institutional Capital Platform,,Disabled,0,0,0,General Residential,Placeholder / Needs Review,Yes,"Confirm whether a public newsroom, RSS, press release, or insights feed exists."
2026-05-30,20260530-230208-ccf8785d,2026-05-30 23:02:08,Fannie Mae Multifamily Source Expansion,Developer / GP Source Expansion,Lender / Debt Platform,,Disabled,0,0,0,General Residential,Placeholder / Needs Review,Yes,"Confirm whether a public newsroom, RSS, press release, or insights feed exists."
2026-05-30,20260530-230208-ccf8785d,2026-05-30 23:02:08,Freddie Mac Multifamily Source Expansion,Developer / GP Source Expansion,Lender / Debt Platform,,Disabled,0,0,0,General Residential,Placeholder / Needs Review,Yes,"Confirm whether a public newsroom, RSS, press release, or insights feed exists."
2026-05-30,20260530-230208-ccf8785d,2026-05-30 23:02:08,Greystone Source Expansion,Developer / GP Source Expansion,Lender / Debt Platform,,Disabled,0,0,0,General Residential,Placeholder / Needs Review,Yes,"Confirm whether a public newsroom, RSS, press release, or insights feed exists."
2026-05-30,20260530-230208-ccf8785d,2026-05-30 23:02:08,Marcus & Millichap Capital Corporation Source Expansion,Developer / GP Source Expansion,Lender / Debt Platform,,Disabled,0,0,0,General Residential,Placeholder / Needs Review,Yes,"Confirm whether a public newsroom, RSS, press release, or insights feed exists."
2026-05-30,20260530-230208-ccf8785d,2026-05-30 23:02:08,Northmarq Source Expansion,Developer / GP Source Expansion,Lender / Debt Platform,,Disabled,0,0,0,General Residential,Placeholder / Needs Review,Yes,"Confirm whether a public newsroom, RSS, press release, or insights feed exists."
2026-05-30,20260530-230208-ccf8785d,2026-05-30 23:02:08,AMLI Residential Source Expansion,Developer / GP Source Expansion,Multifamily Developer / Operator,,Disabled,0,0,0,Multifamily,Placeholder / Needs Review,Yes,"Confirm whether a public newsroom, RSS, press release, or insights feed exists."
2026-05-30,20260530-230208-ccf8785d,2026-05-30 23:02:08,Alliance Residential Source Expansion,Developer / GP Source Expansion,Multifamily Developer / Operator,,Disabled,0,0,0,Multifamily,Placeholder / Needs Review,Yes,"Confirm whether a public newsroom, RSS, press release, or insights feed exists."
2026-05-30,20260530-230208-ccf8785d,2026-05-30 23:02:08,AvalonBay Source Expansion,Developer / GP Source Expansion,Multifamily Developer / Operator,,Disabled,0,0,0,Multifamily,Placeholder / Needs Review,Yes,"Confirm whether a public newsroom, RSS, press release, or insights feed exists."
2026-05-30,20260530-230208-ccf8785d,2026-05-30 23:02:08,Camden Property Trust Source Expansion,Developer / GP Source Expansion,Multifamily Developer / Operator,,Disabled,0,0,0,Multifamily,Placeholder / Needs Review,Yes,"Confirm whether a public newsroom, RSS, press release, or insights feed exists."
2026-05-30,20260530-230208-ccf8785d,2026-05-30 23:02:08,Equity Residential Source Expansion,Developer / GP Source Expansion,Multifamily Developer / Operator,,Disabled,0,0,0,Multifamily,Placeholder / Needs Review,Yes,"Confirm whether a public newsroom, RSS, press release, or insights feed exists."
2026-05-30,20260530-230208-ccf8785d,2026-05-30 23:02:08,Essex Property Trust Source Expansion,Developer / GP Source Expansion,Multifamily Developer / Operator,,Disabled,0,0,0,Multifamily,Placeholder / Needs Review,Yes,"Confirm whether a public newsroom, RSS, press release, or insights feed exists."
2026-05-30,20260530-230208-ccf8785d,2026-05-30 23:02:08,Fairfield Residential Source Expansion,Developer / GP Source Expansion,Multifamily Developer / Operator,,Disabled,0,0,0,Multifamily,Placeholder / Needs Review,Yes,"Confirm whether a public newsroom, RSS, press release, or insights feed exists."
2026-05-30,20260530-230208-ccf8785d,2026-05-30 23:02:08,Greystar Source Expansion,Developer / GP Source Expansion,Multifamily Developer / Operator,,Disabled,0,0,0,Multifamily,Placeholder / Needs Review,Yes,"Confirm whether a public newsroom, RSS, press release, or insights feed exists."
2026-05-30,20260530-230208-ccf8785d,2026-05-30 23:02:08,Hanover Company Source Expansion,Developer / GP Source Expansion,Multifamily Developer / Operator,,Disabled,0,0,0,Multifamily,Placeholder / Needs Review,Yes,"Confirm whether a public newsroom, RSS, press release, or insights feed exists."
2026-05-30,20260530-230208-ccf8785d,2026-05-30 23:02:08,Holland Partner Group Source Expansion,Developer / GP Source Expansion,Multifamily Developer / Operator,,Disabled,0,0,0,Multifamily,Placeholder / Needs Review,Yes,"Confirm whether a public newsroom, RSS, press release, or insights feed exists."
2026-05-30,20260530-230208-ccf8785d,2026-05-30 23:02:08,JPI Source Expansion,Developer / GP Source Expansion,Multifamily Developer / Operator,,Disabled,0,0,0,Multifamily,Placeholder / Needs Review,Yes,"Confirm whether a public newsroom, RSS, press release, or insights feed exists."
2026-05-30,20260530-230208-ccf8785d,2026-05-30 23:02:08,Kairoi Residential Source Expansion,Developer / GP Source Expansion,Multifamily Developer / Operator,,Disabled,0,0,0,Multifamily,Placeholder / Needs Review,Yes,"Confirm whether a public newsroom, RSS, press release, or insights feed exists."
2026-05-30,20260530-230208-ccf8785d,2026-05-30 23:02:08,Lincoln Property Company Source Expansion,Developer / GP Source Expansion,Multifamily Developer / Operator,,Disabled,0,0,0,Multifamily,Placeholder / Needs Review,Yes,"Confirm whether a public newsroom, RSS, press release, or insights feed exists."
2026-05-30,20260530-230208-ccf8785d,2026-05-30 23:02:08,MAA Source Expansion,Developer / GP Source Expansion,Multifamily Developer / Operator,,Disabled,0,0,0,Multifamily,Placeholder / Needs Review,Yes,"Confirm whether a public newsroom, RSS, press release, or insights feed exists."
2026-05-30,20260530-230208-ccf8785d,2026-05-30 23:02:08,Mill Creek Residential Source Expansion,Developer / GP Source Expansion,Multifamily Developer / Operator,,Disabled,0,0,0,Multifamily,Placeholder / Needs Review,Yes,"Confirm whether a public newsroom, RSS, press release, or insights feed exists."
2026-05-30,20260530-230208-ccf8785d,2026-05-30 23:02:08,Quarterra Source Expansion,Developer / GP Source Expansion,Multifamily Developer / Operator,,Disabled,0,0,0,Multifamily,Placeholder / Needs Review,Yes,"Confirm whether a public newsroom, RSS, press release, or insights feed exists."
2026-05-30,20260530-230208-ccf8785d,2026-05-30 23:02:08,Toll Brothers Apartment Living Source Expansion,Developer / GP Source Expansion,Multifamily Developer / Operator,,Disabled,0,0,0,Multifamily,Placeholder / Needs Review,Yes,"Confirm whether a public newsroom, RSS, press release, or insights feed exists."
2026-05-30,20260530-230208-ccf8785d,2026-05-30 23:02:08,Trammell Crow Residential Source Expansion,Developer / GP Source Expansion,Multifamily Developer / Operator,,Disabled,0,0,0,Multifamily,Placeholder / Needs Review,Yes,"Confirm whether a public newsroom, RSS, press release, or insights feed exists."
2026-05-30,20260530-230208-ccf8785d,2026-05-30 23:02:08,UDR Source Expansion,Developer / GP Source Expansion,Multifamily Developer / Operator,,Disabled,0,0,0,Multifamily,Placeholder / Needs Review,Yes,"Confirm whether a public newsroom, RSS, press release, or insights feed exists."
2026-05-30,20260530-230208-ccf8785d,2026-05-30 23:02:08,Wood Partners Source Expansion,Developer / GP Source Expansion,Multifamily Developer / Operator,,Disabled,0,0,0,Multifamily,Placeholder / Needs Review,Yes,"Confirm whether a public newsroom, RSS, press release, or insights feed exists."
2026-05-30,20260530-230208-ccf8785d,2026-05-30 23:02:08,AvalonBay Newsroom,Developer / GP Newsrooms,Other,,Disabled,0,0,0,General Residential,Placeholder / Needs Review,Yes,"Confirm whether a public newsroom, RSS, press release, or insights feed exists."
2026-05-30,20260530-230208-ccf8785d,2026-05-30 23:02:08,Brookfield Real Estate,Developer / GP Newsrooms,Other,,Disabled,0,0,0,General Residential,Placeholder / Needs Review,Yes,"Confirm whether a public newsroom, RSS, press release, or insights feed exists."
2026-05-30,20260530-230208-ccf8785d,2026-05-30 23:02:08,CBRE Multifamily / Living Sector,Brokerage / Debt / Research,Other,,Disabled,0,0,0,General Residential,Placeholder / Needs Review,Yes,"Confirm whether a public newsroom, RSS, press release, or insights feed exists."
2026-05-30,20260530-230208-ccf8785d,2026-05-30 23:02:08,CBRE Research Public Insights,Brokerage / Debt / Research,Other,,Disabled,0,0,0,General Residential,Placeholder / Needs Review,Yes,"Confirm whether a public newsroom, RSS, press release, or insights feed exists."
2026-05-30,20260530-230208-ccf8785d,2026-05-30 23:02:08,Camden Property Trust Newsroom,Developer / GP Newsrooms,Other,,Disabled,0,0,0,General Residential,Placeholder / Needs Review,Yes,"Confirm whether a public newsroom, RSS, press release, or insights feed exists."
2026-05-30,20260530-230208-ccf8785d,2026-05-30 23:02:08,Crescent Communities Newsroom,Developer / GP Newsrooms,Other,,Disabled,0,0,0,General Residential,Placeholder / Needs Review,Yes,"Confirm whether a public newsroom, RSS, press release, or insights feed exists."
2026-05-30,20260530-230208-ccf8785d,2026-05-30 23:02:08,Cushman & Wakefield Multifamily,Brokerage / Debt / Research,Other,,Disabled,0,0,0,General Residential,Placeholder / Needs Review,Yes,"Confirm whether a public newsroom, RSS, press release, or insights feed exists."
2026-05-30,20260530-230208-ccf8785d,2026-05-30 23:02:08,Cushman & Wakefield Research Public Insights,Brokerage / Debt / Research,Other,,Disabled,0,0,0,General Residential,Placeholder / Needs Review,Yes,"Confirm whether a public newsroom, RSS, press release, or insights feed exists."
2026-05-30,20260530-230208-ccf8785d,2026-05-30 23:02:08,Equity Residential Newsroom,Developer / GP Newsrooms,Other,,Disabled,0,0,0,General Residential,Placeholder / Needs Review,Yes,"Confirm whether a public newsroom, RSS, press release, or insights feed exists."
2026-05-30,20260530-230208-ccf8785d,2026-05-30 23:02:08,Essex Property Trust Newsroom,Developer / GP Newsrooms,Other,,Disabled,0,0,0,General Residential,Placeholder / Needs Review,Yes,"Confirm whether a public newsroom, RSS, press release, or insights feed exists."
2026-05-30,20260530-230208-ccf8785d,2026-05-30 23:02:08,Fannie Mae Multifamily,Institutional Real Estate / Capital Markets,Other,,Disabled,0,0,0,General Residential,Placeholder / Needs Review,Yes,"Confirm whether a public newsroom, RSS, press release, or insights feed exists."
2026-05-30,20260530-230208-ccf8785d,2026-05-30 23:02:08,Fannie Mae Multifamily Research,Institutional Real Estate / Capital Markets,Other,,Disabled,0,0,0,General Residential,Placeholder / Needs Review,Yes,"Confirm whether a public newsroom, RSS, press release, or insights feed exists."
2026-05-30,20260530-230208-ccf8785d,2026-05-30 23:02:08,Freddie Mac Multifamily,Institutional Real Estate / Capital Markets,Other,,Disabled,0,0,0,General Residential,Placeholder / Needs Review,Yes,"Confirm whether a public newsroom, RSS, press release, or insights feed exists."
2026-05-30,20260530-230208-ccf8785d,2026-05-30 23:02:08,Freddie Mac Multifamily Research,Institutional Real Estate / Capital Markets,Other,,Disabled,0,0,0,General Residential,Placeholder / Needs Review,Yes,"Confirm whether a public newsroom, RSS, press release, or insights feed exists."
2026-05-30,20260530-230208-ccf8785d,2026-05-30 23:02:08,Greystar Newsroom,Developer / GP Newsrooms,Other,,Disabled,0,0,0,General Residential,Placeholder / Needs Review,Yes,"Confirm whether a public newsroom, RSS, press release, or insights feed exists."
2026-05-30,20260530-230208-ccf8785d,2026-05-30 23:02:08,JLL Living / Multifamily,Brokerage / Debt / Research,Other,,Disabled,0,0,0,General Residential,Placeholder / Needs Review,Yes,"Confirm whether a public newsroom, RSS, press release, or insights feed exists."
2026-05-30,20260530-230208-ccf8785d,2026-05-30 23:02:08,JLL Research Public Insights,Brokerage / Debt / Research,Other,,Disabled,0,0,0,General Residential,Placeholder / Needs Review,Yes,"Confirm whether a public newsroom, RSS, press release, or insights feed exists."
2026-05-30,20260530-230208-ccf8785d,2026-05-30 23:02:08,Kennedy Wilson Newsroom,Developer / GP Newsrooms,Other,,Disabled,0,0,0,General Residential,Placeholder / Needs Review,Yes,"Confirm whether a public newsroom, RSS, press release, or insights feed exists."
2026-05-30,20260530-230208-ccf8785d,2026-05-30 23:02:08,MAA Newsroom,Developer / GP Newsrooms,Other,,Disabled,0,0,0,General Residential,Placeholder / Needs Review,Yes,"Confirm whether a public newsroom, RSS, press release, or insights feed exists."
2026-05-30,20260530-230208-ccf8785d,2026-05-30 23:02:08,MBA Commercial / Multifamily,Institutional Real Estate / Capital Markets,Other,,Disabled,0,0,0,General Residential,Placeholder / Needs Review,Yes,"Confirm whether a public newsroom, RSS, press release, or insights feed exists."
2026-05-30,20260530-230208-ccf8785d,2026-05-30 23:02:08,Marcus & Millichap Research,Brokerage / Debt / Research,Other,,Disabled,0,0,0,General Residential,Placeholder / Needs Review,Yes,"Confirm whether a public newsroom, RSS, press release, or insights feed exists."
2026-05-30,20260530-230208-ccf8785d,2026-05-30 23:02:08,Marcus & Millichap Research Public Insights,Brokerage / Debt / Research,Other,,Disabled,0,0,0,General Residential,Placeholder / Needs Review,Yes,"Confirm whether a public newsroom, RSS, press release, or insights feed exists."
2026-05-30,20260530-230208-ccf8785d,2026-05-30 23:02:08,Mill Creek Residential Newsroom,Developer / GP Newsrooms,Other,,Disabled,0,0,0,General Residential,Placeholder / Needs Review,Yes,"Confirm whether a public newsroom, RSS, press release, or insights feed exists."
2026-05-30,20260530-230208-ccf8785d,2026-05-30 23:02:08,Mortgage Professional America Commercial,Institutional Real Estate / Capital Markets,Other,,Disabled,0,0,0,General Residential,Placeholder / Needs Review,Yes,"Confirm whether a public newsroom, RSS, press release, or insights feed exists."
2026-05-30,20260530-230208-ccf8785d,2026-05-30 23:02:08,PERE,Institutional Real Estate / Capital Markets,Other,,Disabled,0,0,0,General Residential,Placeholder / Needs Review,Yes,"Confirm whether a public newsroom, RSS, press release, or insights feed exists."
2026-05-30,20260530-230208-ccf8785d,2026-05-30 23:02:08,Related California Newsroom,Developer / GP Newsrooms,Other,,Disabled,0,0,0,General Residential,Placeholder / Needs Review,Yes,"Confirm whether a public newsroom, RSS, press release, or insights feed exists."
2026-05-30,20260530-230208-ccf8785d,2026-05-30 23:02:08,Related Companies Newsroom,Developer / GP Newsrooms,Other,,Disabled,0,0,0,General Residential,Placeholder / Needs Review,Yes,"Confirm whether a public newsroom, RSS, press release, or insights feed exists."
2026-05-30,20260530-230208-ccf8785d,2026-05-30 23:02:08,Toll Brothers Apartment Living Newsroom,Developer / GP Newsrooms,Other,,Disabled,0,0,0,General Residential,Placeholder / Needs Review,Yes,"Confirm whether a public newsroom, RSS, press release, or insights feed exists."
2026-05-30,20260530-230208-ccf8785d,2026-05-30 23:02:08,Trammell Crow Residential Newsroom,Developer / GP Newsrooms,Other,,Disabled,0,0,0,General Residential,Placeholder / Needs Review,Yes,"Confirm whether a public newsroom, RSS, press release, or insights feed exists."
2026-05-30,20260530-230208-ccf8785d,2026-05-30 23:02:08,UDR Newsroom,Developer / GP Newsrooms,Other,,Disabled,0,0,0,General Residential,Placeholder / Needs Review,Yes,"Confirm whether a public newsroom, RSS, press release, or insights feed exists."
2026-05-30,20260530-230208-ccf8785d,2026-05-30 23:02:08,Atria Senior Living Source Expansion,Developer / GP Source Expansion,Senior Housing Platform,,Disabled,0,0,0,Senior Housing,Placeholder / Needs Review,Yes,"Confirm whether a public newsroom, RSS, press release, or insights feed exists."
2026-05-30,20260530-230208-ccf8785d,2026-05-30 23:02:08,Avenue Development Source Expansion,Developer / GP Source Expansion,Senior Housing Platform,,Disabled,0,0,0,Senior Housing,Placeholder / Needs Review,Yes,"Confirm whether a public newsroom, RSS, press release, or insights feed exists."
2026-05-30,20260530-230208-ccf8785d,2026-05-30 23:02:08,Bridge Investment Group Source Expansion,Developer / GP Source Expansion,Senior Housing Platform,,Disabled,0,0,0,Senior Housing,Placeholder / Needs Review,Yes,"Confirm whether a public newsroom, RSS, press release, or insights feed exists."
2026-05-30,20260530-230208-ccf8785d,2026-05-30 23:02:08,Brookdale Source Expansion,Developer / GP Source Expansion,Senior Housing Platform,,Disabled,0,0,0,Senior Housing,Placeholder / Needs Review,Yes,"Confirm whether a public newsroom, RSS, press release, or insights feed exists."
2026-05-30,20260530-230208-ccf8785d,2026-05-30 23:02:08,Discovery Senior Living Source Expansion,Developer / GP Source Expansion,Senior Housing Platform,,Disabled,0,0,0,Senior Housing,Placeholder / Needs Review,Yes,"Confirm whether a public newsroom, RSS, press release, or insights feed exists."
2026-05-30,20260530-230208-ccf8785d,2026-05-30 23:02:08,Erickson Senior Living Source Expansion,Developer / GP Source Expansion,Senior Housing Platform,,Disabled,0,0,0,Senior Housing,Placeholder / Needs Review,Yes,"Confirm whether a public newsroom, RSS, press release, or insights feed exists."
2026-05-30,20260530-230208-ccf8785d,2026-05-30 23:02:08,Sparrow Partners Source Expansion,Developer / GP Source Expansion,Senior Housing Platform,,Disabled,0,0,0,Senior Housing,Placeholder / Needs Review,Yes,"Confirm whether a public newsroom, RSS, press release, or insights feed exists."
2026-05-30,20260530-230208-ccf8785d,2026-05-30 23:02:08,Sunrise Senior Living Source Expansion,Developer / GP Source Expansion,Senior Housing Platform,,Disabled,0,0,0,Senior Housing,Placeholder / Needs Review,Yes,"Confirm whether a public newsroom, RSS, press release, or insights feed exists."
2026-05-30,20260530-230208-ccf8785d,2026-05-30 23:02:08,Ventas Source Expansion,Developer / GP Source Expansion,Senior Housing Platform,,Disabled,0,0,0,Senior Housing,Placeholder / Needs Review,Yes,"Confirm whether a public newsroom, RSS, press release, or insights feed exists."
2026-05-30,20260530-230208-ccf8785d,2026-05-30 23:02:08,Welltower Source Expansion,Developer / GP Source Expansion,Senior Housing Platform,,Disabled,0,0,0,Senior Housing,Placeholder / Needs Review,Yes,"Confirm whether a public newsroom, RSS, press release, or insights feed exists."
2026-05-30,20260530-230208-ccf8785d,2026-05-30 23:02:08,American Campus Communities Source Expansion,Developer / GP Source Expansion,Student Housing Platform,,Disabled,0,0,0,Student Housing,Placeholder / Needs Review,Yes,"Confirm whether a public newsroom, RSS, press release, or insights feed exists."
2026-05-30,20260530-230208-ccf8785d,2026-05-30 23:02:08,CA Ventures Source Expansion,Developer / GP Source Expansion,Student Housing Platform,,Disabled,0,0,0,Student Housing,Placeholder / Needs Review,Yes,"Confirm whether a public newsroom, RSS, press release, or insights feed exists."
2026-05-30,20260530-230208-ccf8785d,2026-05-30 23:02:08,Core Spaces Source Expansion,Developer / GP Source Expansion,Student Housing Platform,,Disabled,0,0,0,Student Housing,Placeholder / Needs Review,Yes,"Confirm whether a public newsroom, RSS, press release, or insights feed exists."
2026-05-30,20260530-230208-ccf8785d,2026-05-30 23:02:08,Gilbane Development Source Expansion,Developer / GP Source Expansion,Student Housing Platform,,Disabled,0,0,0,Student Housing,Placeholder / Needs Review,Yes,"Confirm whether a public newsroom, RSS, press release, or insights feed exists."
2026-05-30,20260530-230208-ccf8785d,2026-05-30 23:02:08,Harrison Street Source Expansion,Developer / GP Source Expansion,Student Housing Platform,,Disabled,0,0,0,Student Housing,Placeholder / Needs Review,Yes,"Confirm whether a public newsroom, RSS, press release, or insights feed exists."
2026-05-30,20260530-230208-ccf8785d,2026-05-30 23:02:08,LV Collective Source Expansion,Developer / GP Source Expansion,Student Housing Platform,,Disabled,0,0,0,Student Housing,Placeholder / Needs Review,Yes,"Confirm whether a public newsroom, RSS, press release, or insights feed exists."
2026-05-30,20260530-230208-ccf8785d,2026-05-30 23:02:08,Landmark Properties Source Expansion,Developer / GP Source Expansion,Student Housing Platform,,Disabled,0,0,0,Student Housing,Placeholder / Needs Review,Yes,"Confirm whether a public newsroom, RSS, press release, or insights feed exists."
2026-05-30,20260530-230208-ccf8785d,2026-05-30 23:02:08,Scion Group Source Expansion,Developer / GP Source Expansion,Student Housing Platform,,Disabled,0,0,0,Student Housing,Placeholder / Needs Review,Yes,"Confirm whether a public newsroom, RSS, press release, or insights feed exists."
2026-05-30,20260530-230208-ccf8785d,2026-05-30 23:02:08,The Dinerstein Companies Source Expansion,Developer / GP Source Expansion,Student Housing Platform,,Disabled,0,0,0,Student Housing,Placeholder / Needs Review,Yes,"Confirm whether a public newsroom, RSS, press release, or insights feed exists."
