run_date,run_id,source_name,source_category,source_tier,coverage_focus,enabled,platform_type,source_url,fetch_status,entries_found,articles_saved,error_message,source_quality_label
2026-07-13,20260713-235520-9dd8478a,Multifamily Dive,Core Multifamily News,Tier 1,national_multifamily,Yes,Other,https://www.multifamilydive.com/feeds/news/,OK,10,4,,High Value
2026-07-13,20260713-235520-9dd8478a,Multifamily Executive,Core Multifamily News,Tier 1,national_multifamily,Yes,Other,https://www.multifamilyexecutive.com/rss.xml,OK,10,3,,High Value
2026-07-13,20260713-235520-9dd8478a,Yield PRO,Core Multifamily News,Tier 1,lease_up_supply;national_multifamily,Yes,Other,https://yieldpro.com/feed/,OK,10,10,,High Value
2026-07-13,20260713-235520-9dd8478a,Multi-Housing News,Core Multifamily News,Tier 1,national_multifamily,Yes,Other,https://www.multihousingnews.com/feed/,Failed,0,0,RSS parsing issue: status=403; <unknown>:2:1246: not well-formed (invalid token),Failing
2026-07-13,20260713-235520-9dd8478a,GlobeSt,Core Multifamily News,Tier 1,national_multifamily,Yes,Other,https://www.globest.com/feed/,Failed,0,0,RSS parsing issue: status=404; <unknown>:2:0: syntax error,Failing
2026-07-13,20260713-235520-9dd8478a,Bisnow,Core Multifamily News,Tier 1,national_multifamily,Yes,Other,https://www.bisnow.com/rss,OK,30,2,,Useful
2026-07-13,20260713-235520-9dd8478a,Commercial Observer,Core Multifamily News,Tier 1,national_multifamily,Yes,Other,https://commercialobserver.com/feed/,OK,17,4,,High Value
2026-07-13,20260713-235520-9dd8478a,Connect CRE,Core Multifamily News,Tier 1,development_pipeline;gp_activity;national_multifamily,Yes,Other,https://www.connectcre.com/feed/,OK,10,2,,Useful
2026-07-13,20260713-235520-9dd8478a,The Real Deal,Core Multifamily News,Tier 1,national_multifamily,Yes,Other,https://therealdeal.com/feed/,Failed,0,0,RSS parsing issue: status=301; text/html; charset=utf-8 is not an XML media type,Failing
2026-07-13,20260713-235520-9dd8478a,NAHB Eye on Housing - Multifamily,Public Agency / Housing Data,Tier 3,national_multifamily,Yes,Other,https://eyeonhousing.org/category/multifamily/feed/,OK,18,15,,High Value
2026-07-13,20260713-235520-9dd8478a,Construction Dive,Core Multifamily News,Tier 1,national_multifamily,Yes,Other,https://www.constructiondive.com/feeds/news/,OK,10,0,,Watch
2026-07-13,20260713-235520-9dd8478a,HousingWire,Core Multifamily News,Tier 1,national_multifamily,Yes,Other,https://www.housingwire.com/feed/,OK,10,0,,Watch
2026-07-13,20260713-235520-9dd8478a,Federal Reserve - Press Releases,Public Agency / Housing Data,Tier 3,lease_up_supply;national_multifamily,Yes,Other,https://www.federalreserve.gov/feeds/press_all.xml,OK,20,0,,Watch
2026-07-13,20260713-235520-9dd8478a,PERE,Institutional Real Estate / Capital Markets,Tier 1,capital_markets;institutional_capital,No,Other,,Disabled,0,0,Registered source is disabled until a public feed is confirmed,Disabled / Registered
2026-07-13,20260713-235520-9dd8478a,Urban Land Institute,Institutional Real Estate / Capital Markets,Tier 1,capital_markets;institutional_capital,Yes,Other,https://urbanland.uli.org/feed/,Failed,0,0,RSS parsing issue: status=403; <unknown>:2:1326: not well-formed (invalid token),Failing
2026-07-13,20260713-235520-9dd8478a,NMHC News,Institutional Real Estate / Capital Markets,Tier 1,capital_markets;institutional_capital,Yes,Other,https://www.nmhc.org/news/rss/,Failed,0,0,RSS parsing issue: status=200; <unknown>:21:2: mismatched tag,Failing
2026-07-13,20260713-235520-9dd8478a,Freddie Mac Multifamily,Institutional Real Estate / Capital Markets,Tier 1,capital_markets;institutional_capital;national_multifamily,No,Other,,Disabled,0,0,Registered source is disabled until a public feed is confirmed,Disabled / Registered
2026-07-13,20260713-235520-9dd8478a,Fannie Mae Multifamily,Institutional Real Estate / Capital Markets,Tier 1,capital_markets;institutional_capital;national_multifamily,No,Other,,Disabled,0,0,Registered source is disabled until a public feed is confirmed,Disabled / Registered
2026-07-13,20260713-235520-9dd8478a,MBA Commercial / Multifamily,Institutional Real Estate / Capital Markets,Tier 1,capital_markets;institutional_capital;national_multifamily,No,Other,,Disabled,0,0,Registered source is disabled until a public feed is confirmed,Disabled / Registered
2026-07-13,20260713-235520-9dd8478a,Walker & Dunlop Insights,Brokerage / Debt / Research,Tier 1,capital_markets;institutional_capital,Yes,Other,https://www.walkerdunlop.com/insights/feed/,Failed,0,0,RSS parsing issue: status=301; <unknown>:2:2016: not well-formed (invalid token),Failing
2026-07-13,20260713-235520-9dd8478a,Berkadia Research,Brokerage / Debt / Research,Tier 1,capital_markets;institutional_capital,Yes,Other,https://berkadia.com/feed/,Failed,0,0,RSS parsing issue: status=301; <unknown>:7:866: not well-formed (invalid token),Failing
2026-07-13,20260713-235520-9dd8478a,CBRE Multifamily / Living Sector,Brokerage / Debt / Research,Tier 1,capital_markets;institutional_capital;national_multifamily,No,Other,,Disabled,0,0,Registered source is disabled until a public feed is confirmed,Disabled / Registered
2026-07-13,20260713-235520-9dd8478a,JLL Living / Multifamily,Brokerage / Debt / Research,Tier 1,capital_markets;institutional_capital;national_multifamily,No,Other,,Disabled,0,0,Registered source is disabled until a public feed is confirmed,Disabled / Registered
2026-07-13,20260713-235520-9dd8478a,Cushman & Wakefield Multifamily,Brokerage / Debt / Research,Tier 1,capital_markets;institutional_capital;national_multifamily,No,Other,,Disabled,0,0,Registered source is disabled until a public feed is confirmed,Disabled / Registered
2026-07-13,20260713-235520-9dd8478a,Marcus & Millichap Research,Brokerage / Debt / Research,Tier 1,capital_markets;institutional_capital,No,Other,,Disabled,0,0,Registered source is disabled until a public feed is confirmed,Disabled / Registered
2026-07-13,20260713-235520-9dd8478a,Greystar Newsroom,Developer / GP Newsrooms,Tier 3,gp_activity;institutional_capital,No,Other,,Disabled,0,0,Registered source is disabled until a public feed is confirmed,Disabled / Registered
2026-07-13,20260713-235520-9dd8478a,Kennedy Wilson Newsroom,Developer / GP Newsrooms,Tier 3,gp_activity;institutional_capital,No,Other,,Disabled,0,0,Registered source is disabled until a public feed is confirmed,Disabled / Registered
2026-07-13,20260713-235520-9dd8478a,Related Companies Newsroom,Developer / GP Newsrooms,Tier 3,gp_activity;institutional_capital,No,Other,,Disabled,0,0,Registered source is disabled until a public feed is confirmed,Disabled / Registered
2026-07-13,20260713-235520-9dd8478a,Related California Newsroom,Developer / GP Newsrooms,Tier 3,development_pipeline;entitlement;gp_activity;institutional_capital;la_california,No,Other,,Disabled,0,0,Registered source is disabled until a public feed is confirmed,Disabled / Registered
2026-07-13,20260713-235520-9dd8478a,Hines Newsroom,Developer / GP Newsrooms,Tier 3,gp_activity;institutional_capital,Yes,Other,https://www.hines.com/news/feed,Failed,0,0,RSS parsing issue: status=403; <unknown>:2:1326: not well-formed (invalid token),Failing
2026-07-13,20260713-235520-9dd8478a,Mill Creek Residential Newsroom,Developer / GP Newsrooms,Tier 3,gp_activity;institutional_capital,No,Other,,Disabled,0,0,Registered source is disabled until a public feed is confirmed,Disabled / Registered
2026-07-13,20260713-235520-9dd8478a,Trammell Crow Residential Newsroom,Developer / GP Newsrooms,Tier 3,gp_activity;institutional_capital,No,Other,,Disabled,0,0,Registered source is disabled until a public feed is confirmed,Disabled / Registered
2026-07-13,20260713-235520-9dd8478a,Toll Brothers Apartment Living Newsroom,Developer / GP Newsrooms,Tier 3,gp_activity;institutional_capital;national_multifamily,No,Other,,Disabled,0,0,Registered source is disabled until a public feed is confirmed,Disabled / Registered
2026-07-13,20260713-235520-9dd8478a,Crescent Communities Newsroom,Developer / GP Newsrooms,Tier 3,gp_activity;institutional_capital,No,Other,,Disabled,0,0,Registered source is disabled until a public feed is confirmed,Disabled / Registered
2026-07-13,20260713-235520-9dd8478a,AvalonBay Newsroom,Developer / GP Newsrooms,Tier 3,gp_activity;institutional_capital,No,Other,,Disabled,0,0,Registered source is disabled until a public feed is confirmed,Disabled / Registered
2026-07-13,20260713-235520-9dd8478a,Essex Property Trust Newsroom,Developer / GP Newsrooms,Tier 3,gp_activity;institutional_capital,No,Other,,Disabled,0,0,Registered source is disabled until a public feed is confirmed,Disabled / Registered
2026-07-13,20260713-235520-9dd8478a,Camden Property Trust Newsroom,Developer / GP Newsrooms,Tier 3,gp_activity;institutional_capital,No,Other,,Disabled,0,0,Registered source is disabled until a public feed is confirmed,Disabled / Registered
2026-07-13,20260713-235520-9dd8478a,UDR Newsroom,Developer / GP Newsrooms,Tier 3,gp_activity;institutional_capital,No,Other,,Disabled,0,0,Registered source is disabled until a public feed is confirmed,Disabled / Registered
2026-07-13,20260713-235520-9dd8478a,MAA Newsroom,Developer / GP Newsrooms,Tier 3,gp_activity;institutional_capital,No,Other,,Disabled,0,0,Registered source is disabled until a public feed is confirmed,Disabled / Registered
2026-07-13,20260713-235520-9dd8478a,Equity Residential Newsroom,Developer / GP Newsrooms,Tier 3,gp_activity;institutional_capital,No,Other,,Disabled,0,0,Registered source is disabled until a public feed is confirmed,Disabled / Registered
2026-07-13,20260713-235520-9dd8478a,Blackstone Real Estate,Developer / GP Newsrooms,Tier 3,gp_activity;institutional_capital,Yes,Other,https://www.blackstone.com/news/rss/,OK,10,0,,Watch
2026-07-13,20260713-235520-9dd8478a,Brookfield Real Estate,Developer / GP Newsrooms,Tier 3,gp_activity;institutional_capital,No,Other,,Disabled,0,0,Registered source is disabled until a public feed is confirmed,Disabled / Registered
2026-07-13,20260713-235520-9dd8478a,Urbanize LA,Regional / California / LA Sources,Tier 2,development_pipeline;entitlement;la_california,Yes,Other,https://la.urbanize.city/rss.xml,OK,10,7,,High Value
2026-07-13,20260713-235520-9dd8478a,LA Business Journal,Regional / California / LA Sources,Tier 2,development_pipeline;entitlement;gp_activity;la_california,No,Other,,Disabled,0,0,Registered source is disabled until a public feed is confirmed,Disabled / Registered
2026-07-13,20260713-235520-9dd8478a,Los Angeles City Planning,Regional / California / LA Sources,Tier 2,development_pipeline;entitlement;la_california,No,Other,,Disabled,0,0,Registered source is disabled until a public feed is confirmed,Disabled / Registered
2026-07-13,20260713-235520-9dd8478a,California HCD,Regional / California / LA Sources,Tier 2,development_pipeline;entitlement;la_california,No,Other,,Disabled,0,0,Registered source is disabled until a public feed is confirmed,Disabled / Registered
2026-07-13,20260713-235520-9dd8478a,California YIMBY,Regional / California / LA Sources,Tier 2,development_pipeline;entitlement;la_california,Yes,Other,https://californiayimby.com/feed,Failed,0,0,RSS parsing issue: <urlopen error [Errno -2] Name or service not known>,Failing
2026-07-13,20260713-235520-9dd8478a,SF YIMBY,Regional / California / LA Sources,Tier 2,development_pipeline;entitlement;la_california,Yes,Other,https://sfyimby.com/feed,OK,5,4,,High Value
2026-07-13,20260713-235520-9dd8478a,Urbanize California,Regional / California / LA Sources,Tier 2,development_pipeline;entitlement;la_california,No,Other,,Disabled,0,0,Registered source is disabled until a public feed is confirmed,Disabled / Registered
2026-07-13,20260713-235520-9dd8478a,REBusiness Online,Site / Parcel Source Expansion,Tier 2,development_pipeline;gp_activity,Yes,Other,https://rebusinessonline.com/feed/atom/,OK,20,8,,High Value
2026-07-13,20260713-235520-9dd8478a,Connect CRE Apartments,Site / Parcel Source Expansion,Tier 2,development_pipeline;gp_activity;national_multifamily,Yes,Other,https://www.connectcre.com/feed?property-sector=apartments,OK,10,7,,High Value
2026-07-13,20260713-235520-9dd8478a,Connect CRE Texas,Site / Parcel Source Expansion,Tier 2,development_pipeline;gp_activity;sunbelt,Yes,Other,https://www.connectcre.com/feed?story-market=texas,OK,10,3,,High Value
2026-07-13,20260713-235520-9dd8478a,Connect CRE South Florida,Site / Parcel Source Expansion,Tier 2,development_pipeline;gp_activity;sunbelt,Yes,Other,https://www.connectcre.com/feed?story-market=south-florida,OK,10,6,,High Value
2026-07-13,20260713-235520-9dd8478a,Connect CRE Phoenix,Site / Parcel Source Expansion,Tier 2,development_pipeline;gp_activity;sunbelt,Yes,Other,https://www.connectcre.com/feed?story-market=phoenix,OK,10,2,,Useful
2026-07-13,20260713-235520-9dd8478a,Connect CRE Atlanta,Site / Parcel Source Expansion,Tier 2,development_pipeline;gp_activity;sunbelt,Yes,Other,https://www.connectcre.com/feed?story-market=atlanta,OK,10,3,,High Value
2026-07-13,20260713-235520-9dd8478a,Connect CRE Charlotte,Site / Parcel Source Expansion,Tier 2,development_pipeline;gp_activity;sunbelt,Yes,Other,https://www.connectcre.com/feed?story-market=charlotte,Failed,0,0,RSS parsing issue: status=404; <unknown>:22:51: not well-formed (invalid token),Failing
2026-07-13,20260713-235520-9dd8478a,Connect CRE Orange County,Site / Parcel Source Expansion,Tier 2,development_pipeline;gp_activity,Yes,Other,https://www.connectcre.com/feed?story-market=orange-county,OK,10,1,,Useful
2026-07-13,20260713-235520-9dd8478a,CRE Daily,Site / Parcel Source Expansion,Tier 2,development_pipeline;gp_activity,No,Other,,Disabled,0,0,Registered source is disabled until a public feed is confirmed,Disabled / Registered
2026-07-13,20260713-235520-9dd8478a,Institutional Property Advisors,Site / Parcel Source Expansion,Tier 2,development_pipeline;gp_activity,No,Other,,Disabled,0,0,Registered source is disabled until a public feed is confirmed,Disabled / Registered
2026-07-13,20260713-235520-9dd8478a,JLL Newsroom,Site / Parcel Source Expansion,Tier 2,development_pipeline;gp_activity;institutional_capital,No,Other,,Disabled,0,0,Registered source is disabled until a public feed is confirmed,Disabled / Registered
2026-07-13,20260713-235520-9dd8478a,CBRE Newsroom,Site / Parcel Source Expansion,Tier 2,development_pipeline;gp_activity;institutional_capital,No,Other,,Disabled,0,0,Registered source is disabled until a public feed is confirmed,Disabled / Registered
2026-07-13,20260713-235520-9dd8478a,Cushman & Wakefield Newsroom,Site / Parcel Source Expansion,Tier 2,development_pipeline;gp_activity;institutional_capital,No,Other,,Disabled,0,0,Registered source is disabled until a public feed is confirmed,Disabled / Registered
2026-07-13,20260713-235520-9dd8478a,Marcus & Millichap Newsroom,Site / Parcel Source Expansion,Tier 2,development_pipeline;gp_activity;institutional_capital,No,Other,,Disabled,0,0,Registered source is disabled until a public feed is confirmed,Disabled / Registered
2026-07-13,20260713-235520-9dd8478a,Dallas Business Journal,Site / Parcel Source Expansion,Tier 2,development_pipeline;gp_activity,No,Other,,Disabled,0,0,Registered source is disabled until a public feed is confirmed,Disabled / Registered
2026-07-13,20260713-235520-9dd8478a,Austin Business Journal,Site / Parcel Source Expansion,Tier 2,development_pipeline;gp_activity,No,Other,,Disabled,0,0,Registered source is disabled until a public feed is confirmed,Disabled / Registered
2026-07-13,20260713-235520-9dd8478a,South Florida Business Journal,Site / Parcel Source Expansion,Tier 2,development_pipeline;gp_activity;sunbelt,No,Other,,Disabled,0,0,Registered source is disabled until a public feed is confirmed,Disabled / Registered
2026-07-13,20260713-235520-9dd8478a,Phoenix Business Journal,Site / Parcel Source Expansion,Tier 2,development_pipeline;gp_activity;sunbelt,No,Other,,Disabled,0,0,Registered source is disabled until a public feed is confirmed,Disabled / Registered
2026-07-13,20260713-235520-9dd8478a,Atlanta Business Chronicle,Site / Parcel Source Expansion,Tier 2,development_pipeline;gp_activity;sunbelt,No,Other,,Disabled,0,0,Registered source is disabled until a public feed is confirmed,Disabled / Registered
2026-07-13,20260713-235520-9dd8478a,Charlotte Business Journal,Site / Parcel Source Expansion,Tier 2,development_pipeline;gp_activity;sunbelt,No,Other,,Disabled,0,0,Registered source is disabled until a public feed is confirmed,Disabled / Registered
2026-07-13,20260713-235520-9dd8478a,Los Angeles Business Journal,Site / Parcel Source Expansion,Tier 2,development_pipeline;entitlement;gp_activity;la_california,No,Other,,Disabled,0,0,Registered source is disabled until a public feed is confirmed,Disabled / Registered
2026-07-13,20260713-235520-9dd8478a,San Francisco Business Times,Site / Parcel Source Expansion,Tier 2,development_pipeline;gp_activity,No,Other,,Disabled,0,0,Registered source is disabled until a public feed is confirmed,Disabled / Registered
2026-07-13,20260713-235520-9dd8478a,Orange County Business Journal,Site / Parcel Source Expansion,Tier 2,development_pipeline;gp_activity,No,Other,,Disabled,0,0,Registered source is disabled until a public feed is confirmed,Disabled / Registered
2026-07-13,20260713-235520-9dd8478a,Denver Business Journal,Site / Parcel Source Expansion,Tier 2,development_pipeline;gp_activity,No,Other,,Disabled,0,0,Registered source is disabled until a public feed is confirmed,Disabled / Registered
2026-07-13,20260713-235520-9dd8478a,Nashville Business Journal,Site / Parcel Source Expansion,Tier 2,development_pipeline;gp_activity;sunbelt,No,Other,,Disabled,0,0,Registered source is disabled until a public feed is confirmed,Disabled / Registered
2026-07-13,20260713-235520-9dd8478a,Greystar Source Expansion,Developer / GP Source Expansion,Tier 3,gp_activity;institutional_capital;national_multifamily,No,Multifamily Developer / Operator,,Disabled,0,0,Registered source is disabled until a public feed is confirmed,Disabled / Registered
2026-07-13,20260713-235520-9dd8478a,Mill Creek Residential Source Expansion,Developer / GP Source Expansion,Tier 3,gp_activity;institutional_capital;national_multifamily,No,Multifamily Developer / Operator,,Disabled,0,0,Registered source is disabled until a public feed is confirmed,Disabled / Registered
2026-07-13,20260713-235520-9dd8478a,Trammell Crow Residential Source Expansion,Developer / GP Source Expansion,Tier 3,gp_activity;institutional_capital;national_multifamily,No,Multifamily Developer / Operator,,Disabled,0,0,Registered source is disabled until a public feed is confirmed,Disabled / Registered
2026-07-13,20260713-235520-9dd8478a,Lincoln Property Company Source Expansion,Developer / GP Source Expansion,Tier 3,gp_activity;institutional_capital;national_multifamily,No,Multifamily Developer / Operator,,Disabled,0,0,Registered source is disabled until a public feed is confirmed,Disabled / Registered
2026-07-13,20260713-235520-9dd8478a,Fairfield Residential Source Expansion,Developer / GP Source Expansion,Tier 3,gp_activity;institutional_capital;national_multifamily,No,Multifamily Developer / Operator,,Disabled,0,0,Registered source is disabled until a public feed is confirmed,Disabled / Registered
2026-07-13,20260713-235520-9dd8478a,Alliance Residential Source Expansion,Developer / GP Source Expansion,Tier 3,gp_activity;institutional_capital;national_multifamily,No,Multifamily Developer / Operator,,Disabled,0,0,Registered source is disabled until a public feed is confirmed,Disabled / Registered
2026-07-13,20260713-235520-9dd8478a,Wood Partners Source Expansion,Developer / GP Source Expansion,Tier 3,gp_activity;institutional_capital;national_multifamily,No,Multifamily Developer / Operator,,Disabled,0,0,Registered source is disabled until a public feed is confirmed,Disabled / Registered
2026-07-13,20260713-235520-9dd8478a,Hanover Company Source Expansion,Developer / GP Source Expansion,Tier 3,gp_activity;institutional_capital;national_multifamily,No,Multifamily Developer / Operator,,Disabled,0,0,Registered source is disabled until a public feed is confirmed,Disabled / Registered
2026-07-13,20260713-235520-9dd8478a,Holland Partner Group Source Expansion,Developer / GP Source Expansion,Tier 3,gp_activity;institutional_capital;national_multifamily,No,Multifamily Developer / Operator,,Disabled,0,0,Registered source is disabled until a public feed is confirmed,Disabled / Registered
2026-07-13,20260713-235520-9dd8478a,JPI Source Expansion,Developer / GP Source Expansion,Tier 3,gp_activity;institutional_capital;national_multifamily,No,Multifamily Developer / Operator,,Disabled,0,0,Registered source is disabled until a public feed is confirmed,Disabled / Registered
2026-07-13,20260713-235520-9dd8478a,Kairoi Residential Source Expansion,Developer / GP Source Expansion,Tier 3,gp_activity;institutional_capital;national_multifamily,No,Multifamily Developer / Operator,,Disabled,0,0,Registered source is disabled until a public feed is confirmed,Disabled / Registered
2026-07-13,20260713-235520-9dd8478a,AMLI Residential Source Expansion,Developer / GP Source Expansion,Tier 3,gp_activity;institutional_capital;national_multifamily,No,Multifamily Developer / Operator,,Disabled,0,0,Registered source is disabled until a public feed is confirmed,Disabled / Registered
2026-07-13,20260713-235520-9dd8478a,Quarterra Source Expansion,Developer / GP Source Expansion,Tier 3,gp_activity;institutional_capital;national_multifamily,No,Multifamily Developer / Operator,,Disabled,0,0,Registered source is disabled until a public feed is confirmed,Disabled / Registered
2026-07-13,20260713-235520-9dd8478a,Toll Brothers Apartment Living Source Expansion,Developer / GP Source Expansion,Tier 3,gp_activity;institutional_capital;national_multifamily,No,Multifamily Developer / Operator,,Disabled,0,0,Registered source is disabled until a public feed is confirmed,Disabled / Registered
2026-07-13,20260713-235520-9dd8478a,AvalonBay Source Expansion,Developer / GP Source Expansion,Tier 3,gp_activity;institutional_capital;national_multifamily,No,Multifamily Developer / Operator,,Disabled,0,0,Registered source is disabled until a public feed is confirmed,Disabled / Registered
2026-07-13,20260713-235520-9dd8478a,Camden Property Trust Source Expansion,Developer / GP Source Expansion,Tier 3,gp_activity;institutional_capital;national_multifamily,No,Multifamily Developer / Operator,,Disabled,0,0,Registered source is disabled until a public feed is confirmed,Disabled / Registered
2026-07-13,20260713-235520-9dd8478a,MAA Source Expansion,Developer / GP Source Expansion,Tier 3,gp_activity;institutional_capital;national_multifamily,No,Multifamily Developer / Operator,,Disabled,0,0,Registered source is disabled until a public feed is confirmed,Disabled / Registered
2026-07-13,20260713-235520-9dd8478a,UDR Source Expansion,Developer / GP Source Expansion,Tier 3,gp_activity;institutional_capital;national_multifamily,No,Multifamily Developer / Operator,,Disabled,0,0,Registered source is disabled until a public feed is confirmed,Disabled / Registered
2026-07-13,20260713-235520-9dd8478a,Equity Residential Source Expansion,Developer / GP Source Expansion,Tier 3,gp_activity;institutional_capital;national_multifamily,No,Multifamily Developer / Operator,,Disabled,0,0,Registered source is disabled until a public feed is confirmed,Disabled / Registered
2026-07-13,20260713-235520-9dd8478a,Essex Property Trust Source Expansion,Developer / GP Source Expansion,Tier 3,gp_activity;institutional_capital;national_multifamily,No,Multifamily Developer / Operator,,Disabled,0,0,Registered source is disabled until a public feed is confirmed,Disabled / Registered
2026-07-13,20260713-235520-9dd8478a,Blackstone Real Estate Source Expansion,Developer / GP Source Expansion,Tier 1,capital_markets;gp_activity;institutional_capital,Yes,Institutional Capital Platform,https://www.blackstone.com/news/rss/,OK,10,0,,Watch
2026-07-13,20260713-235520-9dd8478a,Brookfield Real Estate Source Expansion,Developer / GP Source Expansion,Tier 1,capital_markets;gp_activity;institutional_capital,No,Institutional Capital Platform,,Disabled,0,0,Registered source is disabled until a public feed is confirmed,Disabled / Registered
2026-07-13,20260713-235520-9dd8478a,Kennedy Wilson Source Expansion,Developer / GP Source Expansion,Tier 1,capital_markets;gp_activity;institutional_capital,No,Institutional Capital Platform,,Disabled,0,0,Registered source is disabled until a public feed is confirmed,Disabled / Registered
2026-07-13,20260713-235520-9dd8478a,Hines Source Expansion,Developer / GP Source Expansion,Tier 1,capital_markets;gp_activity;institutional_capital,Yes,Institutional Capital Platform,https://www.hines.com/news/feed,Failed,0,0,RSS parsing issue: status=403; <unknown>:2:1326: not well-formed (invalid token),Failing
2026-07-13,20260713-235520-9dd8478a,GID Source Expansion,Developer / GP Source Expansion,Tier 1,capital_markets;gp_activity;institutional_capital,No,Institutional Capital Platform,,Disabled,0,0,Registered source is disabled until a public feed is confirmed,Disabled / Registered
2026-07-13,20260713-235520-9dd8478a,Waterton Source Expansion,Developer / GP Source Expansion,Tier 1,capital_markets;gp_activity;institutional_capital,No,Institutional Capital Platform,,Disabled,0,0,Registered source is disabled until a public feed is confirmed,Disabled / Registered
2026-07-13,20260713-235520-9dd8478a,Carmel Partners Source Expansion,Developer / GP Source Expansion,Tier 1,capital_markets;gp_activity;institutional_capital,No,Institutional Capital Platform,,Disabled,0,0,Registered source is disabled until a public feed is confirmed,Disabled / Registered
2026-07-13,20260713-235520-9dd8478a,CIM Group Source Expansion,Developer / GP Source Expansion,Tier 1,capital_markets;gp_activity;institutional_capital,No,Institutional Capital Platform,,Disabled,0,0,Registered source is disabled until a public feed is confirmed,Disabled / Registered
2026-07-13,20260713-235520-9dd8478a,LivCor Source Expansion,Developer / GP Source Expansion,Tier 1,capital_markets;gp_activity;institutional_capital,No,Institutional Capital Platform,,Disabled,0,0,Registered source is disabled until a public feed is confirmed,Disabled / Registered
2026-07-13,20260713-235520-9dd8478a,BGO Source Expansion,Developer / GP Source Expansion,Tier 1,capital_markets;gp_activity;institutional_capital,No,Institutional Capital Platform,,Disabled,0,0,Registered source is disabled until a public feed is confirmed,Disabled / Registered
2026-07-13,20260713-235520-9dd8478a,Harbor Group International Source Expansion,Developer / GP Source Expansion,Tier 1,capital_markets;gp_activity;institutional_capital,No,Institutional Capital Platform,,Disabled,0,0,Registered source is disabled until a public feed is confirmed,Disabled / Registered
2026-07-13,20260713-235520-9dd8478a,Starwood Capital Source Expansion,Developer / GP Source Expansion,Tier 1,capital_markets;gp_activity;institutional_capital,No,Institutional Capital Platform,,Disabled,0,0,Registered source is disabled until a public feed is confirmed,Disabled / Registered
2026-07-13,20260713-235520-9dd8478a,PGIM Real Estate Source Expansion,Developer / GP Source Expansion,Tier 1,capital_markets;gp_activity;institutional_capital,No,Institutional Capital Platform,,Disabled,0,0,Registered source is disabled until a public feed is confirmed,Disabled / Registered
2026-07-13,20260713-235520-9dd8478a,Nuveen Real Estate Source Expansion,Developer / GP Source Expansion,Tier 1,capital_markets;gp_activity;institutional_capital,No,Institutional Capital Platform,,Disabled,0,0,Registered source is disabled until a public feed is confirmed,Disabled / Registered
2026-07-13,20260713-235520-9dd8478a,KKR Real Estate Source Expansion,Developer / GP Source Expansion,Tier 1,capital_markets;gp_activity;institutional_capital,No,Institutional Capital Platform,,Disabled,0,0,Registered source is disabled until a public feed is confirmed,Disabled / Registered
2026-07-13,20260713-235520-9dd8478a,Carlyle Real Estate Source Expansion,Developer / GP Source Expansion,Tier 1,capital_markets;gp_activity;institutional_capital,No,Institutional Capital Platform,,Disabled,0,0,Registered source is disabled until a public feed is confirmed,Disabled / Registered
2026-07-13,20260713-235520-9dd8478a,Apollo Real Estate Source Expansion,Developer / GP Source Expansion,Tier 1,capital_markets;gp_activity;institutional_capital,No,Institutional Capital Platform,,Disabled,0,0,Registered source is disabled until a public feed is confirmed,Disabled / Registered
2026-07-13,20260713-235520-9dd8478a,Invitation Homes Source Expansion,Developer / GP Source Expansion,Tier 3,gp_activity;institutional_capital,No,BTR / SFR Platform,,Disabled,0,0,Registered source is disabled until a public feed is confirmed,Disabled / Registered
2026-07-13,20260713-235520-9dd8478a,American Homes 4 Rent Source Expansion,Developer / GP Source Expansion,Tier 3,gp_activity;institutional_capital,No,BTR / SFR Platform,,Disabled,0,0,Registered source is disabled until a public feed is confirmed,Disabled / Registered
2026-07-13,20260713-235520-9dd8478a,Progress Residential Source Expansion,Developer / GP Source Expansion,Tier 3,gp_activity;institutional_capital,No,BTR / SFR Platform,,Disabled,0,0,Registered source is disabled until a public feed is confirmed,Disabled / Registered
2026-07-13,20260713-235520-9dd8478a,Tricon Residential Source Expansion,Developer / GP Source Expansion,Tier 3,gp_activity;institutional_capital,No,BTR / SFR Platform,,Disabled,0,0,Registered source is disabled until a public feed is confirmed,Disabled / Registered
2026-07-13,20260713-235520-9dd8478a,Pretium Source Expansion,Developer / GP Source Expansion,Tier 3,gp_activity;institutional_capital,No,BTR / SFR Platform,,Disabled,0,0,Registered source is disabled until a public feed is confirmed,Disabled / Registered
2026-07-13,20260713-235520-9dd8478a,NexMetro Communities Source Expansion,Developer / GP Source Expansion,Tier 3,gp_activity;institutional_capital,No,BTR / SFR Platform,,Disabled,0,0,Registered source is disabled until a public feed is confirmed,Disabled / Registered
2026-07-13,20260713-235520-9dd8478a,Christopher Todd Communities Source Expansion,Developer / GP Source Expansion,Tier 3,gp_activity;institutional_capital,No,BTR / SFR Platform,,Disabled,0,0,Registered source is disabled until a public feed is confirmed,Disabled / Registered
2026-07-13,20260713-235520-9dd8478a,BB Living Source Expansion,Developer / GP Source Expansion,Tier 3,gp_activity;institutional_capital,No,BTR / SFR Platform,,Disabled,0,0,Registered source is disabled until a public feed is confirmed,Disabled / Registered
2026-07-13,20260713-235520-9dd8478a,AHV Communities Source Expansion,Developer / GP Source Expansion,Tier 3,gp_activity;institutional_capital,No,BTR / SFR Platform,,Disabled,0,0,Registered source is disabled until a public feed is confirmed,Disabled / Registered
2026-07-13,20260713-235520-9dd8478a,Quinn Residences Source Expansion,Developer / GP Source Expansion,Tier 3,gp_activity;institutional_capital,No,BTR / SFR Platform,,Disabled,0,0,Registered source is disabled until a public feed is confirmed,Disabled / Registered
2026-07-13,20260713-235520-9dd8478a,Core Spaces Source Expansion,Developer / GP Source Expansion,Tier 3,gp_activity;institutional_capital;national_multifamily,No,Student Housing Platform,,Disabled,0,0,Registered source is disabled until a public feed is confirmed,Disabled / Registered
2026-07-13,20260713-235520-9dd8478a,Landmark Properties Source Expansion,Developer / GP Source Expansion,Tier 3,gp_activity;institutional_capital;national_multifamily,No,Student Housing Platform,,Disabled,0,0,Registered source is disabled until a public feed is confirmed,Disabled / Registered
2026-07-13,20260713-235520-9dd8478a,The Dinerstein Companies Source Expansion,Developer / GP Source Expansion,Tier 3,gp_activity;institutional_capital;national_multifamily,No,Student Housing Platform,,Disabled,0,0,Registered source is disabled until a public feed is confirmed,Disabled / Registered
2026-07-13,20260713-235520-9dd8478a,LV Collective Source Expansion,Developer / GP Source Expansion,Tier 3,gp_activity;institutional_capital;national_multifamily,No,Student Housing Platform,,Disabled,0,0,Registered source is disabled until a public feed is confirmed,Disabled / Registered
2026-07-13,20260713-235520-9dd8478a,CA Ventures Source Expansion,Developer / GP Source Expansion,Tier 3,gp_activity;institutional_capital;national_multifamily,No,Student Housing Platform,,Disabled,0,0,Registered source is disabled until a public feed is confirmed,Disabled / Registered
2026-07-13,20260713-235520-9dd8478a,Gilbane Development Source Expansion,Developer / GP Source Expansion,Tier 3,gp_activity;institutional_capital;national_multifamily,No,Student Housing Platform,,Disabled,0,0,Registered source is disabled until a public feed is confirmed,Disabled / Registered
2026-07-13,20260713-235520-9dd8478a,Harrison Street Source Expansion,Developer / GP Source Expansion,Tier 3,gp_activity;institutional_capital;national_multifamily,No,Student Housing Platform,,Disabled,0,0,Registered source is disabled until a public feed is confirmed,Disabled / Registered
2026-07-13,20260713-235520-9dd8478a,Scion Group Source Expansion,Developer / GP Source Expansion,Tier 3,gp_activity;institutional_capital;national_multifamily,No,Student Housing Platform,,Disabled,0,0,Registered source is disabled until a public feed is confirmed,Disabled / Registered
2026-07-13,20260713-235520-9dd8478a,American Campus Communities Source Expansion,Developer / GP Source Expansion,Tier 3,gp_activity;institutional_capital;national_multifamily,No,Student Housing Platform,,Disabled,0,0,Registered source is disabled until a public feed is confirmed,Disabled / Registered
2026-07-13,20260713-235520-9dd8478a,Welltower Source Expansion,Developer / GP Source Expansion,Tier 3,gp_activity;institutional_capital;national_multifamily,No,Senior Housing Platform,,Disabled,0,0,Registered source is disabled until a public feed is confirmed,Disabled / Registered
2026-07-13,20260713-235520-9dd8478a,Ventas Source Expansion,Developer / GP Source Expansion,Tier 3,gp_activity;institutional_capital;national_multifamily,No,Senior Housing Platform,,Disabled,0,0,Registered source is disabled until a public feed is confirmed,Disabled / Registered
2026-07-13,20260713-235520-9dd8478a,Brookdale Source Expansion,Developer / GP Source Expansion,Tier 3,gp_activity;institutional_capital;national_multifamily,No,Senior Housing Platform,,Disabled,0,0,Registered source is disabled until a public feed is confirmed,Disabled / Registered
2026-07-13,20260713-235520-9dd8478a,Atria Senior Living Source Expansion,Developer / GP Source Expansion,Tier 3,gp_activity;institutional_capital;national_multifamily,No,Senior Housing Platform,,Disabled,0,0,Registered source is disabled until a public feed is confirmed,Disabled / Registered
2026-07-13,20260713-235520-9dd8478a,Sunrise Senior Living Source Expansion,Developer / GP Source Expansion,Tier 3,gp_activity;institutional_capital;national_multifamily,No,Senior Housing Platform,,Disabled,0,0,Registered source is disabled until a public feed is confirmed,Disabled / Registered
2026-07-13,20260713-235520-9dd8478a,Erickson Senior Living Source Expansion,Developer / GP Source Expansion,Tier 3,gp_activity;institutional_capital;national_multifamily,No,Senior Housing Platform,,Disabled,0,0,Registered source is disabled until a public feed is confirmed,Disabled / Registered
2026-07-13,20260713-235520-9dd8478a,Discovery Senior Living Source Expansion,Developer / GP Source Expansion,Tier 3,gp_activity;institutional_capital;national_multifamily,No,Senior Housing Platform,,Disabled,0,0,Registered source is disabled until a public feed is confirmed,Disabled / Registered
2026-07-13,20260713-235520-9dd8478a,Bridge Investment Group Source Expansion,Developer / GP Source Expansion,Tier 3,gp_activity;institutional_capital;national_multifamily,No,Senior Housing Platform,,Disabled,0,0,Registered source is disabled until a public feed is confirmed,Disabled / Registered
2026-07-13,20260713-235520-9dd8478a,Avenue Development Source Expansion,Developer / GP Source Expansion,Tier 3,gp_activity;institutional_capital;national_multifamily,No,Senior Housing Platform,,Disabled,0,0,Registered source is disabled until a public feed is confirmed,Disabled / Registered
2026-07-13,20260713-235520-9dd8478a,Sparrow Partners Source Expansion,Developer / GP Source Expansion,Tier 3,gp_activity;institutional_capital;national_multifamily,No,Senior Housing Platform,,Disabled,0,0,Registered source is disabled until a public feed is confirmed,Disabled / Registered
2026-07-13,20260713-235520-9dd8478a,Greystone Source Expansion,Developer / GP Source Expansion,Tier 1,capital_markets;gp_activity;institutional_capital,No,Lender / Debt Platform,,Disabled,0,0,Registered source is disabled until a public feed is confirmed,Disabled / Registered
2026-07-13,20260713-235520-9dd8478a,Berkadia Source Expansion,Developer / GP Source Expansion,Tier 1,capital_markets;gp_activity;institutional_capital,Yes,Lender / Debt Platform,https://berkadia.com/feed/,Failed,0,0,RSS parsing issue: status=301; <unknown>:7:866: not well-formed (invalid token),Failing
2026-07-13,20260713-235520-9dd8478a,Walker & Dunlop Source Expansion,Developer / GP Source Expansion,Tier 1,capital_markets;gp_activity;institutional_capital,Yes,Lender / Debt Platform,https://www.walkerdunlop.com/insights/feed/,Failed,0,0,RSS parsing issue: status=301; <unknown>:2:2016: not well-formed (invalid token),Failing
2026-07-13,20260713-235520-9dd8478a,CBRE Capital Markets Source Expansion,Developer / GP Source Expansion,Tier 1,capital_markets;gp_activity;institutional_capital,No,Brokerage / Advisor,,Disabled,0,0,Registered source is disabled until a public feed is confirmed,Disabled / Registered
2026-07-13,20260713-235520-9dd8478a,JLL Capital Markets Source Expansion,Developer / GP Source Expansion,Tier 1,capital_markets;gp_activity;institutional_capital,No,Brokerage / Advisor,,Disabled,0,0,Registered source is disabled until a public feed is confirmed,Disabled / Registered
2026-07-13,20260713-235520-9dd8478a,Cushman & Wakefield Source Expansion,Developer / GP Source Expansion,Tier 1,gp_activity;institutional_capital,No,Brokerage / Advisor,,Disabled,0,0,Registered source is disabled until a public feed is confirmed,Disabled / Registered
2026-07-13,20260713-235520-9dd8478a,Newmark Source Expansion,Developer / GP Source Expansion,Tier 1,gp_activity;institutional_capital,No,Brokerage / Advisor,,Disabled,0,0,Registered source is disabled until a public feed is confirmed,Disabled / Registered
2026-07-13,20260713-235520-9dd8478a,Eastdil Secured Source Expansion,Developer / GP Source Expansion,Tier 1,gp_activity;institutional_capital,No,Brokerage / Advisor,,Disabled,0,0,Registered source is disabled until a public feed is confirmed,Disabled / Registered
2026-07-13,20260713-235520-9dd8478a,Northmarq Source Expansion,Developer / GP Source Expansion,Tier 1,capital_markets;gp_activity;institutional_capital,No,Lender / Debt Platform,,Disabled,0,0,Registered source is disabled until a public feed is confirmed,Disabled / Registered
2026-07-13,20260713-235520-9dd8478a,Marcus & Millichap Capital Corporation Source Expansion,Developer / GP Source Expansion,Tier 1,capital_markets;gp_activity;institutional_capital,No,Lender / Debt Platform,,Disabled,0,0,Registered source is disabled until a public feed is confirmed,Disabled / Registered
2026-07-13,20260713-235520-9dd8478a,Freddie Mac Multifamily Source Expansion,Developer / GP Source Expansion,Tier 1,capital_markets;gp_activity;institutional_capital;national_multifamily,No,Lender / Debt Platform,,Disabled,0,0,Registered source is disabled until a public feed is confirmed,Disabled / Registered
2026-07-13,20260713-235520-9dd8478a,Fannie Mae Multifamily Source Expansion,Developer / GP Source Expansion,Tier 1,capital_markets;gp_activity;institutional_capital;national_multifamily,No,Lender / Debt Platform,,Disabled,0,0,Registered source is disabled until a public feed is confirmed,Disabled / Registered
2026-07-13,20260713-235520-9dd8478a,Connect CRE California,Regional / California / LA Sources,Tier 2,development_pipeline;entitlement;la_california,Yes,Other,https://www.connectcre.com/feed?story-market=california,OK,10,3,,High Value
2026-07-13,20260713-235520-9dd8478a,Commercial Property Executive,Core Multifamily News,Tier 1,capital_markets;development_pipeline;national_multifamily,Yes,Other,https://www.commercialsearch.com/news/feed/,Failed,0,0,RSS parsing issue: status=403; <unknown>:2:1326: not well-formed (invalid token),Failing
2026-07-13,20260713-235520-9dd8478a,WealthManagement Real Estate,Institutional Real Estate / Capital Markets,Tier 3,institutional_capital;capital_markets,Yes,Other,https://www.wealthmanagement.com/rss.xml,OK,50,0,,Watch
2026-07-13,20260713-235520-9dd8478a,Freddie Mac Multifamily Research,Institutional Real Estate / Capital Markets,Tier 1,capital_markets;lease_up_supply;national_multifamily,No,Other,,Disabled,0,0,Registered source is disabled until a public feed is confirmed,Disabled / Registered
2026-07-13,20260713-235520-9dd8478a,Fannie Mae Multifamily Research,Institutional Real Estate / Capital Markets,Tier 1,capital_markets;lease_up_supply;national_multifamily,No,Other,,Disabled,0,0,Registered source is disabled until a public feed is confirmed,Disabled / Registered
2026-07-13,20260713-235520-9dd8478a,CBRE Research Public Insights,Brokerage / Debt / Research,Tier 1,capital_markets;institutional_capital;national_multifamily,No,Other,,Disabled,0,0,Registered source is disabled until a public feed is confirmed,Disabled / Registered
2026-07-13,20260713-235520-9dd8478a,JLL Research Public Insights,Brokerage / Debt / Research,Tier 1,capital_markets;institutional_capital;development_pipeline,No,Other,,Disabled,0,0,Registered source is disabled until a public feed is confirmed,Disabled / Registered
2026-07-13,20260713-235520-9dd8478a,Cushman & Wakefield Research Public Insights,Brokerage / Debt / Research,Tier 1,capital_markets;lease_up_supply;national_multifamily,No,Other,,Disabled,0,0,Registered source is disabled until a public feed is confirmed,Disabled / Registered
2026-07-13,20260713-235520-9dd8478a,Marcus & Millichap Research Public Insights,Brokerage / Debt / Research,Tier 1,capital_markets;lease_up_supply;national_multifamily,No,Other,,Disabled,0,0,Registered source is disabled until a public feed is confirmed,Disabled / Registered
2026-07-13,20260713-235520-9dd8478a,LA City Planning Public Notices,Regional / California / LA Sources,Tier 2,entitlement;development_pipeline;la_california,No,Other,,Disabled,0,0,Registered source is disabled until a public feed is confirmed,Disabled / Registered
2026-07-13,20260713-235520-9dd8478a,Mortgage Professional America Commercial,Institutional Real Estate / Capital Markets,Tier 3,capital_markets;financing;institutional_capital,No,Other,,Disabled,0,0,Registered source is disabled until a public feed is confirmed,Disabled / Registered
