run_date,run_id,la_asset_watch_id,asset_or_project_name,address_or_location_clue,la_submarket,gp_or_developer,residential_sector,entitlement_status,construction_status,asset_strategy_signal,site_control_signal,execution_stage,la_asset_opportunity_score,la_asset_risk_score,woomi_site_relevance,potential_woomi_strategy_angle,recommended_local_follow_up,source_article_title,url,confidence_level
2026-05-21,20260521-230148-97d5f8bd,LAA-20260521-003,Entitlement / Permitting - California - Affordable housing unwrapped at 611 S. Hobart Blvd. in Koreatown,611 S. Hobart Blvd,Los Angeles,Unknown,Affordable Housing,Unknown,Unknown,Affordable / Density Bonus Strategy,Project under entitlement,Unknown,100,40,High relevance to Woomi site strategy,Benchmark density bonus use,"Review parcel clue, entitlement path, sponsor, and comparable sites",Affordable housing unwrapped at 611 S. Hobart Blvd. in Koreatown,https://la.urbanize.city/post/affordable-housing-unwrapped-611-s-hobart-blvd-koreatown,High
2026-05-21,20260521-230148-97d5f8bd,LAA-20260521-013,Entitlement / Permitting - Los Angeles - Tommy Beadel on why Los Angeles is the easiest place to develop real estate,Los Angeles,Los Angeles,Unknown,Affordable Housing,Unknown,Unknown,Entitlement Play,Project under entitlement,Unknown,100,40,High relevance to Woomi site strategy,Monitor entitlement path,"Review parcel clue, entitlement path, sponsor, and comparable sites",Tommy Beadel on why Los Angeles is the easiest place to develop real estate,https://la.urbanize.city/post/tommy-beadel-why-los-angeles-easiest-place-develop-real-estate,Medium
2026-05-21,20260521-230148-97d5f8bd,LAA-20260521-001,"General Project Signal - California - AvalonBay, Equity Residential Merging to Form $69B Multifamily Giant",San Francisco,Los Angeles,AvalonBay,Apartment,Unknown,Unknown,General Asset Signal,Unknown site control,Unknown,100,32,High relevance to Woomi site strategy,Track local sponsor activity,"Review parcel clue, entitlement path, sponsor, and comparable sites","AvalonBay, Equity Residential Merging to Form $69B Multifamily Giant",https://commercialobserver.com/2026/05/avalonbay-equity-residential-merge-multifamily/,Medium
2026-05-21,20260521-230148-97d5f8bd,LAA-20260521-008,"Entitlement / Permitting - Southeast - High Street, Camden Advance Plans for 400-Unit Apartment Development in Durham",Southeast,Los Angeles,Camden Property Trust,Apartment,Unknown,Unknown,Entitlement Play,Project under entitlement,Unknown,100,25,High relevance to Woomi site strategy,Monitor entitlement path,"Track entitlement docket, density bonus use, and affordability requirement","High Street, Camden Advance Plans for 400-Unit Apartment Development in Durham",https://rebusinessonline.com/high-street-camden-advance-plans-for-400-unit-apartment-development-in-durham/,Medium
2026-05-21,20260521-230148-97d5f8bd,LAA-20260521-002,"General Project Signal - National - AvalonBay, Equity Residential Strike Largest REIT Merger In U.S. History",National,Los Angeles,AvalonBay,Apartment,Unknown,Unknown,General Asset Signal,Unknown site control,Unknown,100,24,High relevance to Woomi site strategy,Track local sponsor activity,Monitor asset for repeated local confirmation,"AvalonBay, Equity Residential Strike Largest REIT Merger In U.S. History",https://www.bisnow.com/national/news/capital-markets/avalonbay-equity-residential-all-stock-merger-creating-180000-apartment-giant-134679,Medium
2026-05-21,20260521-230148-97d5f8bd,LAA-20260521-015,Entitlement / Permitting - Los Angeles - Developer revives plan for Best Western hotel at 2645 S. Western Ave. in Jefferson Park,2645 S. Western Ave,Los Angeles,Unknown,Multifamily,Unknown,Unknown,Entitlement Play,Project under entitlement,Unknown,99,38,High relevance to Woomi site strategy,Monitor entitlement path,"Review parcel clue, entitlement path, sponsor, and comparable sites",Developer revives plan for Best Western hotel at 2645 S. Western Ave. in Jefferson Park,https://la.urbanize.city/post/developer-revives-plan-best-western-hotel-2645-s-western-ave-jefferson-park,Medium
2026-05-21,20260521-230148-97d5f8bd,LAA-20260521-004,Disposition / Exit - Sun Belt - Charlotte Apartment Project Fetches $107M,Atlanta,Los Angeles,Wood Partners,Apartment,Unknown,Unknown,General Asset Signal,Existing asset sale,Unknown,92,26,High relevance to Woomi site strategy,Track local sponsor activity,Monitor asset for repeated local confirmation,Charlotte Apartment Project Fetches $107M,https://www.connectcre.com/stories/charlotte-apartment-project-fetches-107m/,Medium
2026-05-21,20260521-230148-97d5f8bd,LAA-20260521-005,Modular / Construction Innovation - Other / Unknown - Greystar Breaks Ground on Its First Modular Massachusetts Project,Unknown,Los Angeles,Greystar,Apartment,Unknown,Unknown,General Asset Signal,Unknown site control,Unknown,92,26,High relevance to Woomi site strategy,Track local sponsor activity,Monitor asset for repeated local confirmation,Greystar Breaks Ground on Its First Modular Massachusetts Project,https://www.connectcre.com/stories/greystar-breaks-ground-on-its-first-modular-massachusetts-project/,Medium
2026-05-21,20260521-230148-97d5f8bd,LAA-20260521-006,Construction Financing - California - JLL Lines Up $144M Construction Loan for Santa Ana Multifamily,California,Los Angeles,Unknown,Apartment,Unknown,Unknown,Refinancing / Recapitalization,Unknown site control,Unknown,91,67,High relevance to Woomi site strategy,Review acquisition comparables,"Review parcel clue, entitlement path, sponsor, and comparable sites",JLL Lines Up $144M Construction Loan for Santa Ana Multifamily,https://www.connectcre.com/stories/jll-lines-up-144m-construction-loan-for-santa-ana-multifamily/,Low
2026-05-21,20260521-230148-97d5f8bd,LAA-20260521-007,Office-to-Residential Conversion - Los Angeles - Adaptive reuse planned for Westwood office tower at 10900 Wilshire Blvd.,10900 Wilshire Blvd,Los Angeles,Unknown,Office-to-Residential Conversion,Unknown,Unknown,Office-to-Residential Conversion,Project under entitlement,Unknown,91,50,High relevance to Woomi site strategy,Monitor office conversion feasibility,"Review parcel clue, entitlement path, sponsor, and comparable sites",Adaptive reuse planned for Westwood office tower at 10900 Wilshire Blvd.,https://la.urbanize.city/post/adaptive-reuse-planned-westwood-office-tower-10900-wilshire-blvd,Medium
2026-05-21,20260521-230148-97d5f8bd,LAA-20260521-009,Office-to-Residential Conversion - Los Angeles - Former IBM offices at 3424 Wilshire to become housing,Los Angeles,Los Angeles,Unknown,Office-to-Residential Conversion,Unknown,Completed / opened,Office-to-Residential Conversion,Unknown site control,Delivered / Lease-Up,90,42,High relevance to Woomi site strategy,Monitor office conversion feasibility,"Review parcel clue, entitlement path, sponsor, and comparable sites",Former IBM offices at 3424 Wilshire to become housing,https://la.urbanize.city/post/former-ibm-offices-3424-wilshire-become-housing,Medium
2026-05-21,20260521-230148-97d5f8bd,LAA-20260521-010,"Acquisition - California - Marcus & Millichap Brokers $14M Sale, Financing of Indiana Property",California,Los Angeles,Unknown,Apartment,Unknown,Unknown,General Asset Signal,Existing asset sale,Unknown,90,40,High relevance to Woomi site strategy,Monitor only,"Review parcel clue, entitlement path, sponsor, and comparable sites","Marcus & Millichap Brokers $14M Sale, Financing of Indiana Property",https://www.connectcre.com/stories/marcus-millichap-brokers-14m-sale-financing-of-indiana-property/,Low
2026-05-21,20260521-230148-97d5f8bd,LAA-20260521-011,Acquisition - California - Sacramento Multifamily Sale Achieves Market’s Highest Price Per Unit in Four Years,California,Los Angeles,Unknown,Apartment,Unknown,Unknown,General Asset Signal,Existing asset sale,Unknown,90,40,High relevance to Woomi site strategy,Monitor only,"Review parcel clue, entitlement path, sponsor, and comparable sites",Sacramento Multifamily Sale Achieves Market’s Highest Price Per Unit in Four Years,https://www.connectcre.com/stories/sacramento-multifamily-sale-achieves-markets-highest-price-per-unit-in-four-years/,Low
2026-05-21,20260521-230148-97d5f8bd,LAA-20260521-012,Disposition / Exit - Los Angeles - Avison Young Markets Echo Park Multifamily Portfolio,Los Angeles,Los Angeles,Unknown,Apartment,Unknown,Unknown,General Asset Signal,Existing asset sale,Unknown,90,40,High relevance to Woomi site strategy,Monitor only,"Review parcel clue, entitlement path, sponsor, and comparable sites",Avison Young Markets Echo Park Multifamily Portfolio,https://www.connectcre.com/stories/avison-young-markets-echo-park-multifamily-portfolio/,Medium
2026-05-21,20260521-230148-97d5f8bd,LAA-20260521-027,Affordable housing slated for 1756 N. Serrano Ave. in Los Feliz,1756 N. Serrano Ave,Los Angeles,Unknown,Affordable Housing,Unknown,Unknown,Affordable / Density Bonus Strategy,Land / parcel referenced,Site Search / Early Signal,90,32,High relevance to Woomi site strategy,Track site control precedent,"Review parcel clue, entitlement path, sponsor, and comparable sites",Affordable housing slated for 1756 N. Serrano Ave. in Los Feliz,https://la.urbanize.city/post/affordable-housing-slated-1756-n-serrano-ave-los-feliz,Medium
2026-05-21,20260521-230148-97d5f8bd,LAA-20260521-028,Affordable housing unwrapped at 611 S. Hobart Blvd. in Koreatown,611 S. Hobart Blvd,Los Angeles,Unknown,Affordable Housing,Unknown,Unknown,Affordable / Density Bonus Strategy,Land / parcel referenced,Site Search / Early Signal,90,32,High relevance to Woomi site strategy,Track site control precedent,"Review parcel clue, entitlement path, sponsor, and comparable sites",Affordable housing unwrapped at 611 S. Hobart Blvd. in Koreatown,https://la.urbanize.city/post/affordable-housing-unwrapped-611-s-hobart-blvd-koreatown,Medium
2026-05-21,20260521-230148-97d5f8bd,LAA-20260521-014,Construction Financing - Sun Belt - Alta Developers Lands $91.8M Construction Loan for Miami Apartments,Miami,Los Angeles,Unknown,Apartment,Unknown,Unknown,Refinancing / Recapitalization,Land / parcel referenced,Site Search / Early Signal,89,47,High relevance to Woomi site strategy,Track site control precedent,"Track lender, maturity, owner, and recapitalization path",Alta Developers Lands $91.8M Construction Loan for Miami Apartments,https://www.connectcre.com/stories/alta-developers-lands-91-8m-construction-loan-for-miami-apartments/,Low
2026-05-21,20260521-230148-97d5f8bd,LAA-20260521-016,"General Project Signal - Sun Belt - JPI Begins Construction on 277-Unit Multifamily Project in The Colony, Texas",Dallas,Los Angeles,JPI,Mixed-Use Residential,Unknown,Unknown,General Asset Signal,Unknown site control,Unknown,89,26,High relevance to Woomi site strategy,Track local sponsor activity,Monitor asset for repeated local confirmation,"JPI Begins Construction on 277-Unit Multifamily Project in The Colony, Texas",https://rebusinessonline.com/jpi-begins-construction-on-277-unit-multifamily-project-in-the-colony-texas/,High
2026-05-21,20260521-230148-97d5f8bd,LAA-20260521-017,JV / Partnership - New York - Blackstone Announces Joint Venture with Google to Create New TPU Cloud,New York,Los Angeles,Blackstone,General Residential,Unknown,Unknown,General Asset Signal,Unknown site control,Unknown,89,21,High relevance to Woomi site strategy,Track local sponsor activity,Monitor asset for repeated local confirmation,Blackstone Announces Joint Venture with Google to Create New TPU Cloud,https://www.blackstone.com/news/press/blackstone-announces-joint-venture-with-google-to-create-new-tpu-cloud/,Medium
2026-05-21,20260521-230148-97d5f8bd,LAA-20260521-018,"General Project Signal - Sun Belt - Southern Land Begins Leasing 177-Unit Multifamily Project in White Plains, New York",Nashville,Los Angeles,Unknown,Apartment,Unknown,Unknown,General Asset Signal,Land / parcel referenced,Site Search / Early Signal,88,26,High relevance to Woomi site strategy,Track site control precedent,Monitor asset for repeated local confirmation,"Southern Land Begins Leasing 177-Unit Multifamily Project in White Plains, New York",https://rebusinessonline.com/southern-land-begins-leasing-177-unit-multifamily-project-in-white-plains-new-york/,Low
2026-05-21,20260521-230148-97d5f8bd,LAA-20260521-032,Developer revives plan for Best Western hotel at 2645 S. Western Ave. in Jefferson Park,2645 S. Western Ave,Los Angeles,Unknown,Multifamily,Unknown,Unknown,Entitlement Play,Land / parcel referenced,Site Search / Early Signal,87,30,High relevance to Woomi site strategy,Track site control precedent,"Review parcel clue, entitlement path, sponsor, and comparable sites",Developer revives plan for Best Western hotel at 2645 S. Western Ave. in Jefferson Park,https://la.urbanize.city/post/developer-revives-plan-best-western-hotel-2645-s-western-ave-jefferson-park,Medium
2026-05-21,20260521-230148-97d5f8bd,LAA-20260521-019,Operational / Property Management Tech - Sun Belt - VoltaGrid Announces $1 Billion Strategic Equity Investment from Blackstone and Halliburton...,Houston,Los Angeles,Blackstone,General Residential,Unknown,Unknown,General Asset Signal,Unknown site control,Unknown,87,20,High relevance to Woomi site strategy,Track local sponsor activity,Monitor asset for repeated local confirmation,VoltaGrid Announces $1 Billion Strategic Equity Investment from Blackstone and Halliburton to Fund Growth and Acquisition of Propell,https://www.blackstone.com/news/press/voltagrid-announces-1-billion-strategic-equity-investment-from-blackstone-and-halliburton-to-fund-growth-and-aquisition-of-propell/,Medium
2026-05-21,20260521-230148-97d5f8bd,LAA-20260521-033,"Safehold Closes on Ground Leases for Affordable in Santa Clarita, Santa Cruz",917-923 Water St,Los Angeles,Unknown,Affordable Housing,Unknown,Unknown,Affordable / Density Bonus Strategy,Unknown site control,Unknown,86,37,High relevance to Woomi site strategy,Benchmark density bonus use,"Review parcel clue, entitlement path, sponsor, and comparable sites","Safehold Closes on Ground Leases for Affordable in Santa Clarita, Santa Cruz",https://www.connectcre.com/stories/safehold-closes-on-ground-leases-for-affordable-in-santa-clarita-santa-cruz/,Medium
2026-05-21,20260521-230148-97d5f8bd,LAA-20260521-020,Disposition / Exit - Los Angeles - Avison Young Tapped to Sell Newly Built 190-Unit Class A Multifamily Portfolio in Echo Par...,Los Angeles,Los Angeles,Unknown,Multifamily,Unknown,Unknown,General Asset Signal,Existing asset sale,Unknown,83,36,High relevance to Woomi site strategy,Monitor only,"Review parcel clue, entitlement path, sponsor, and comparable sites",Avison Young Tapped to Sell Newly Built 190-Unit Class A Multifamily Portfolio in Echo Park Neighborhood of Los Angeles,https://yieldpro.com/2026/05/vista-and-park/,Medium
2026-05-21,20260521-230148-97d5f8bd,LAA-20260521-021,General Project Signal - California - JLL Arranges $252M Financing for Huntington Beach Seniors Project,California,Los Angeles,Unknown,Senior Housing,Unknown,Unknown,General Asset Signal,Unknown site control,Unknown,81,64,High relevance to Woomi site strategy,Monitor only,"Review parcel clue, entitlement path, sponsor, and comparable sites",JLL Arranges $252M Financing for Huntington Beach Seniors Project,https://www.connectcre.com/stories/jll-arranges-252m-financing-for-huntington-beach-seniors-project/,Low
2026-05-21,20260521-230148-97d5f8bd,LAA-20260521-022,Adaptive reuse planned for Westwood office tower at 10900 Wilshire Blvd.,10900 Wilshire Blvd,Los Angeles,Unknown,Office-to-Residential Conversion,Unknown,Unknown,Office-to-Residential Conversion,Unknown site control,Unknown,80,50,High relevance to Woomi site strategy,Monitor office conversion feasibility,"Review parcel clue, entitlement path, sponsor, and comparable sites",Adaptive reuse planned for Westwood office tower at 10900 Wilshire Blvd.,https://la.urbanize.city/post/adaptive-reuse-planned-westwood-office-tower-10900-wilshire-blvd,Medium
2026-05-21,20260521-230148-97d5f8bd,LAA-20260521-023,Former IBM offices at 3424 Wilshire to become housing,3424 Wilshire Boulevard,Los Angeles,Unknown,Office-to-Residential Conversion,Unknown,Completed / opened,Office-to-Residential Conversion,Land / parcel referenced,Delivered / Lease-Up,80,42,High relevance to Woomi site strategy,Track site control precedent,"Review parcel clue, entitlement path, sponsor, and comparable sites",Former IBM offices at 3424 Wilshire to become housing,https://la.urbanize.city/post/former-ibm-offices-3424-wilshire-become-housing,Medium
2026-05-21,20260521-230148-97d5f8bd,LAA-20260521-024,Eastern Union Secures $125.3M Acquisition Loan for Chicago Apartment Property,5441 N. East River Road,Los Angeles,Unknown,Apartment,Unknown,Unknown,General Asset Signal,Existing asset sale,Unknown,80,34,High relevance to Woomi site strategy,Monitor only,Monitor asset for repeated local confirmation,Eastern Union Secures $125.3M Acquisition Loan for Chicago Apartment Property,https://rebusinessonline.com/eastern-union-secures-125-3m-acquisition-loan-for-chicago-apartment-property/,Medium
2026-05-21,20260521-230148-97d5f8bd,LAA-20260521-025,El-Ad Pays $45.5M for Coconut Grove Property,3265 Virginia St,Los Angeles,Unknown,Apartment,Unknown,Unknown,General Asset Signal,Site acquired,Unknown,80,34,High relevance to Woomi site strategy,Track site control precedent,Monitor asset for repeated local confirmation,El-Ad Pays $45.5M for Coconut Grove Property,https://www.connectcre.com/stories/el-ad-pays-45-5m-for-coconut-grove-property/,Medium
2026-05-21,20260521-230148-97d5f8bd,LAA-20260521-026,Northmarq Provides $13.5M Refinancing for Two Multifamily Properties in Metro Twin Cities,2140 Barclay St,Los Angeles,Unknown,Affordable Housing,Unknown,Unknown,Refinancing / Recapitalization,Unknown site control,Unknown,80,34,High relevance to Woomi site strategy,Review acquisition comparables,"Track lender, maturity, owner, and recapitalization path",Northmarq Provides $13.5M Refinancing for Two Multifamily Properties in Metro Twin Cities,https://rebusinessonline.com/northmarq-provides-13-5m-refinancing-for-two-multifamily-properties-in-metro-twin-cities/,Medium
2026-05-21,20260521-230148-97d5f8bd,LAA-20260521-029,Alta Developers Lands $91.8M Construction Loan for Miami Apartments,6075 Sunset Drive,Los Angeles,Unknown,Apartment,Unknown,Unknown,Refinancing / Recapitalization,Land / parcel referenced,Site Search / Early Signal,80,26,High relevance to Woomi site strategy,Track site control precedent,"Track lender, maturity, owner, and recapitalization path",Alta Developers Lands $91.8M Construction Loan for Miami Apartments,https://www.connectcre.com/stories/alta-developers-lands-91-8m-construction-loan-for-miami-apartments/,Medium
2026-05-21,20260521-230148-97d5f8bd,LAA-20260521-030,Greystar Breaks Ground on Its First Modular Massachusetts Project,437 Whittenton St,Los Angeles,Unknown,Apartment,Unknown,Unknown,General Asset Signal,Land / parcel referenced,Site Search / Early Signal,80,26,High relevance to Woomi site strategy,Track site control precedent,Monitor asset for repeated local confirmation,Greystar Breaks Ground on Its First Modular Massachusetts Project,https://www.connectcre.com/stories/greystar-breaks-ground-on-its-first-modular-massachusetts-project/,Medium
2026-05-21,20260521-230148-97d5f8bd,LAA-20260521-031,Acquisition - Sun Belt - American Landmark Apartments Acquires 400-Unit Multifamily Community in Metro Atlanta,Atlanta,Los Angeles,Unknown,Apartment,Unknown,Unknown,General Asset Signal,Land / parcel referenced,Site Search / Early Signal,79,25,High relevance to Woomi site strategy,Track site control precedent,Monitor asset for repeated local confirmation,American Landmark Apartments Acquires 400-Unit Multifamily Community in Metro Atlanta,https://yieldpro.com/2026/05/preserve-at-mill-creek/,Low
2026-05-21,20260521-230148-97d5f8bd,LAA-20260521-042,Entitlement / Permitting - New York - NYC unveils plan to speed up affordable housing development,New York,Los Angeles,Unknown,Affordable Housing,Unknown,Unknown,Affordable / Density Bonus Strategy,Project under entitlement,Unknown,78,27,High relevance to Woomi site strategy,Benchmark density bonus use,"Track entitlement docket, density bonus use, and affordability requirement",NYC unveils plan to speed up affordable housing development,https://www.multifamilydive.com/news/nyc-speed-affordable-housing-development/820640/,Low
2026-05-21,20260521-230148-97d5f8bd,LAA-20260521-034,"Acquisition - Southeast - IPA Brokers Sale of 157-Unit Apartment Community in Lake Charles, Louisiana",Southeast,Los Angeles,Unknown,Apartment,Unknown,Completed / opened,Lease-Up / Delivery,Existing asset sale,Delivered / Lease-Up,76,24,High relevance to Woomi site strategy,Monitor only,Monitor asset for repeated local confirmation,"IPA Brokers Sale of 157-Unit Apartment Community in Lake Charles, Louisiana",https://rebusinessonline.com/ipa-brokers-sale-of-157-unit-apartment-community-in-lake-charles-louisiana/,Low
2026-05-21,20260521-230148-97d5f8bd,LAA-20260521-035,Fresh renderings for mixed-use project at 3205 Ocean Park Blvd. in Santa Monica,3205 Ocean Park Blvd,Los Angeles,Unknown,Mixed-Use Residential,Unknown,Unknown,General Asset Signal,Land / parcel referenced,Site Search / Early Signal,76,24,High relevance to Woomi site strategy,Track site control precedent,Monitor asset for repeated local confirmation,Fresh renderings for mixed-use project at 3205 Ocean Park Blvd. in Santa Monica,https://la.urbanize.city/post/fresh-renderings-mixed-use-project-3205-ocean-park-blvd-santa-monica,Medium
2026-05-21,20260521-230148-97d5f8bd,LAA-20260521-036,Avison Young Tapped to Sell Newly Built 190-Unit Class A Multifamily Portfolio in Echo Park Neighborhood of Los Angeles,200 N Toluca Street,Los Angeles,Unknown,Multifamily,Unknown,Unknown,General Asset Signal,Existing asset sale,Unknown,74,36,High relevance to Woomi site strategy,Monitor only,"Review parcel clue, entitlement path, sponsor, and comparable sites",Avison Young Tapped to Sell Newly Built 190-Unit Class A Multifamily Portfolio in Echo Park Neighborhood of Los Angeles,https://yieldpro.com/2026/05/vista-and-park/,Medium
2026-05-21,20260521-230148-97d5f8bd,LAA-20260521-037,"Acquisition - California - CBRE Negotiates Sale of 24,660 SF Industrial Property in San Marcos, California",California,Los Angeles,Unknown,General Residential,Unknown,Unknown,General Asset Signal,Existing asset sale,Unknown,74,34,High relevance to Woomi site strategy,Monitor only,"Review parcel clue, entitlement path, sponsor, and comparable sites","CBRE Negotiates Sale of 24,660 SF Industrial Property in San Marcos, California",https://rebusinessonline.com/cbre-negotiates-sale-of-24660-sf-industrial-property-in-san-marcos-california/,Medium
2026-05-21,20260521-230148-97d5f8bd,LAA-20260521-038,General Project Signal - Sun Belt - Insignia Pursuing Embassy Row Redevelopment,Atlanta,Los Angeles,Unknown,Apartment,Unknown,Unknown,General Asset Signal,Unknown site control,Unknown,73,32,High relevance to Woomi site strategy,Monitor only,Monitor asset for repeated local confirmation,Insignia Pursuing Embassy Row Redevelopment,https://www.connectcre.com/stories/insignia-pursuing-embassy-row-redevelopment/,Medium
2026-05-21,20260521-230148-97d5f8bd,LAA-20260521-039,General Project Signal - California - Anaheim Industrial Outdoor Storage Site Secures Bridge Loan,California,Los Angeles,Unknown,General Residential,Unknown,Unknown,Refinancing / Recapitalization,Land / parcel referenced,Site Search / Early Signal,71,47,High relevance to Woomi site strategy,Track site control precedent,"Review parcel clue, entitlement path, sponsor, and comparable sites",Anaheim Industrial Outdoor Storage Site Secures Bridge Loan,https://www.connectcre.com/stories/anaheim-industrial-outdoor-storage-site-secured-bridge-loan/,Low
2026-05-21,20260521-230148-97d5f8bd,LAA-20260521-040,"JV / Partnership - National - Ares, Scion Launch JV With $910M Deal For Student Housing Portfolio",National,Los Angeles,Unknown,Student Housing,Unknown,Unknown,General Asset Signal,Unknown site control,Unknown,70,26,High relevance to Woomi site strategy,Monitor only,Monitor asset for repeated local confirmation,"Ares, Scion Launch JV With $910M Deal For Student Housing Portfolio",https://www.bisnow.com/national/news/student-housing/first-time-jv-partners-acquire-910m-student-housing-portfolio-134662,Low
2026-05-21,20260521-230148-97d5f8bd,LAA-20260521-049,NYC unveils plan to speed up affordable housing development,Los Angeles,Los Angeles,Unknown,Affordable Housing,Unknown,Unknown,Affordable / Density Bonus Strategy,Unknown site control,Unknown,70,22,High relevance to Woomi site strategy,Benchmark density bonus use,"Track entitlement docket, density bonus use, and affordability requirement",NYC unveils plan to speed up affordable housing development,https://www.multifamilydive.com/news/nyc-speed-affordable-housing-development/820640/,Low
2026-05-21,20260521-230148-97d5f8bd,LAA-20260521-050,Entitlement / Permitting - Sun Belt - Cambridge Properties Bringing New Life to Aging Charlotte Center,Atlanta,Los Angeles,Unknown,Apartment,Unknown,Unknown,Entitlement Play,Project under entitlement,Unknown,69,29,Relevant to LA site monitoring,Monitor entitlement path,"Track entitlement docket, density bonus use, and affordability requirement",Cambridge Properties Bringing New Life to Aging Charlotte Center,https://www.connectcre.com/stories/cambridge-properties-bringing-new-life-to-aging-center/,Low
2026-05-21,20260521-230148-97d5f8bd,LAA-20260521-041,General Project Signal - Los Angeles - Soaring above the 17-acre One Beverly Hills site,Los Angeles,Los Angeles,Unknown,General Residential,Unknown,Unknown,General Asset Signal,Land / parcel referenced,Site Search / Early Signal,69,23,Relevant to LA site monitoring,Track site control precedent,"Review parcel clue, entitlement path, sponsor, and comparable sites",Soaring above the 17-acre One Beverly Hills site,https://la.urbanize.city/post/soaring-above-17-acre-one-beverly-hills-site,Low
2026-05-21,20260521-230148-97d5f8bd,LAA-20260521-043,Apartment Investor Targets San Antonio Value-Add Rental Assets,7770 Pipers Lane,Los Angeles,Unknown,Apartment,Unknown,Unknown,General Asset Signal,Site acquired,Unknown,67,26,Relevant to LA site monitoring,Track site control precedent,Monitor asset for repeated local confirmation,Apartment Investor Targets San Antonio Value-Add Rental Assets,https://www.connectcre.com/stories/apartment-investor-targets-san-antonio-value-add-rental-assets/,Medium
2026-05-21,20260521-230148-97d5f8bd,LAA-20260521-044,Disposition / Exit - Sun Belt - Eaton Vance Picks Charlotte Rental Community for $65.8M,Atlanta,Los Angeles,Unknown,Apartment,Unknown,Unknown,General Asset Signal,Existing asset sale,Unknown,66,34,Relevant to LA site monitoring,Monitor only,Monitor asset for repeated local confirmation,Eaton Vance Picks Charlotte Rental Community for $65.8M,https://www.connectcre.com/stories/eaton-vance-picks-charlotte-rental-community-for-65-8m/,Low
2026-05-21,20260521-230148-97d5f8bd,LAA-20260521-045,"AvalonBay, Equity Residential Strike Largest REIT Merger In U.S. History",Los Angeles,Los Angeles,Unknown,Apartment,Unknown,Unknown,General Asset Signal,Unknown site control,Unknown,65,22,Relevant to LA site monitoring,Monitor only,Monitor asset for repeated local confirmation,"AvalonBay, Equity Residential Strike Largest REIT Merger In U.S. History",https://www.bisnow.com/national/news/capital-markets/avalonbay-equity-residential-all-stock-merger-creating-180000-apartment-giant-134679,Low
2026-05-21,20260521-230148-97d5f8bd,LAA-20260521-046,"High Street, Camden Advance Plans for 400-Unit Apartment Development in Durham",Los Angeles,Los Angeles,Unknown,Apartment,Unknown,Unknown,General Asset Signal,Unknown site control,Unknown,64,22,Relevant to LA site monitoring,Monitor only,Monitor asset for repeated local confirmation,"High Street, Camden Advance Plans for 400-Unit Apartment Development in Durham",https://rebusinessonline.com/high-street-camden-advance-plans-for-400-unit-apartment-development-in-durham/,Low
2026-05-21,20260521-230148-97d5f8bd,LAA-20260521-047,Anaheim Industrial Outdoor Storage Site Secures Bridge Loan,1477 N. Jefferson St,Los Angeles,Unknown,General Residential,Unknown,Unknown,Refinancing / Recapitalization,Land / parcel referenced,Site Search / Early Signal,61,24,Relevant to LA site monitoring,Track site control precedent,"Track lender, maturity, owner, and recapitalization path",Anaheim Industrial Outdoor Storage Site Secures Bridge Loan,https://www.connectcre.com/stories/anaheim-industrial-outdoor-storage-site-secured-bridge-loan/,Medium
2026-05-21,20260521-230148-97d5f8bd,LAA-20260521-048,Northmarq Arranges $19.5M Sale of Distribution Facility in Auburn,2250 Riley St,Los Angeles,Unknown,General Residential,Unknown,Unknown,General Asset Signal,Existing asset sale,Unknown,60,25,Relevant to LA site monitoring,Monitor only,Monitor asset for repeated local confirmation,Northmarq Arranges $19.5M Sale of Distribution Facility in Auburn,https://rebusinessonline.com/northmarq-arranges-19-5m-sale-of-distribution-facility-in-auburn/,Medium
2026-05-21,20260521-230148-97d5f8bd,LAA-20260521-051,Acquisition - Sun Belt - Northmarq Arranges $19.5M Sale of Distribution Facility in Auburn,Atlanta,Los Angeles,Unknown,General Residential,Unknown,Unknown,General Asset Signal,Existing asset sale,Unknown,58,26,Relevant to LA site monitoring,Monitor only,Monitor asset for repeated local confirmation,Northmarq Arranges $19.5M Sale of Distribution Facility in Auburn,https://rebusinessonline.com/northmarq-arranges-19-5m-sale-of-distribution-facility-in-auburn/,Low
2026-05-21,20260521-230148-97d5f8bd,LAA-20260521-052,Insignia Pursuing Embassy Row Redevelopment,Atlanta,Los Angeles,Unknown,Apartment,Unknown,Unknown,General Asset Signal,Unknown site control,Unknown,57,32,Relevant to LA site monitoring,Monitor only,Monitor asset for repeated local confirmation,Insignia Pursuing Embassy Row Redevelopment,https://www.connectcre.com/stories/insignia-pursuing-embassy-row-redevelopment/,Medium
2026-05-21,20260521-230148-97d5f8bd,LAA-20260521-053,Acquisition - Sun Belt - Dominium to Preserve the Affordability Status of Newly Acquired Sweetwater Terraces and Re...,Atlanta,Los Angeles,Unknown,Senior Housing,Unknown,Unknown,General Asset Signal,Site acquired,Unknown,57,30,Relevant to LA site monitoring,Track site control precedent,Monitor asset for repeated local confirmation,Dominium to Preserve the Affordability Status of Newly Acquired Sweetwater Terraces and Renovate the Property,https://yieldpro.com/2026/05/sweetwater-terraces/,Low
2026-05-21,20260521-230148-97d5f8bd,LAA-20260521-054,"IPA Brokers Sale of 157-Unit Apartment Community in Lake Charles, Louisiana",Los Angeles,Los Angeles,Unknown,Apartment,Unknown,Completed / opened,Lease-Up / Delivery,Land / parcel referenced,Delivered / Lease-Up,56,24,Relevant to LA site monitoring,Track site control precedent,Monitor asset for repeated local confirmation,"IPA Brokers Sale of 157-Unit Apartment Community in Lake Charles, Louisiana",https://rebusinessonline.com/ipa-brokers-sale-of-157-unit-apartment-community-in-lake-charles-louisiana/,Medium
2026-05-21,20260521-230148-97d5f8bd,LAA-20260521-055,Refinancing - Sun Belt - Georgia Tech Student Housing Investors Ink Refi,Atlanta,Los Angeles,Unknown,Student Housing,Unknown,Unknown,Refinancing / Recapitalization,Existing asset refinance,Unknown,54,46,Relevant to LA site monitoring,Review acquisition comparables,"Track lender, maturity, owner, and recapitalization path",Georgia Tech Student Housing Investors Ink Refi,https://www.connectcre.com/stories/georgia-tech-student-housing-investors-ink-refi/,Low
2026-05-21,20260521-230148-97d5f8bd,LAA-20260521-056,NexMetro Debuts 229-Unit San Tan Valley BTR Community,Phoenix,Los Angeles,Unknown,BTR / Single-Family Rental,Unknown,Unknown,General Asset Signal,Land / parcel referenced,Unknown,54,30,Relevant to LA site monitoring,Track site control precedent,Monitor asset for repeated local confirmation,NexMetro Debuts 229-Unit San Tan Valley BTR Community,https://www.connectcre.com/stories/nexmetro-debuts-229-unit-san-tan-valley-btr-community/,Low
2026-05-21,20260521-230148-97d5f8bd,LAA-20260521-057,"CBRE Negotiates Sale of 24,660 SF Industrial Property in San Marcos, California",California,Los Angeles,Unknown,General Residential,Unknown,Unknown,General Asset Signal,Site acquired,Unknown,41,32,General LA monitoring,Track site control precedent,Monitor asset for repeated local confirmation,"CBRE Negotiates Sale of 24,660 SF Industrial Property in San Marcos, California",https://rebusinessonline.com/cbre-negotiates-sale-of-24660-sf-industrial-property-in-san-marcos-california/,Low
