run_date,run_id,canonical_project_id,canonical_project_name,project_identity_confidence,run_timestamp,project_or_deal_name,deal_type,asset_type,residential_sector,market,city_or_submarket,state_or_region,gp_or_developer,canonical_gp_or_developer,institutional_partner,lender_or_debt_provider,canonical_lender_or_debt_provider,capital_partner,canonical_capital_partner,canonical_market,unit_count,dollar_amount,loan_amount,acquisition_price,development_cost,cap_rate,rent_growth,vacancy_rate,concession_signal,construction_start_or_delivery_timing,entitlement_or_permitting_stage,deal_signal_score,deal_priority_label,potential_woomi_use,source_article_title,source,url,relevance_score,deal_fingerprint_id,fingerprint_confidence,canonical_deal_name,canonical_event_name,duplicate_cluster_id,duplicate_count
2026-05-25,20260525-230212-45b2fe12,PRJ-20260525-0074,General Project Signal - New York - Apartment REITs Equity Residential and AvalonBay Communities Inc Announced Merger for $52B...,100,2026-05-25 23:02:12,General Project Signal - New York - Apartment REITs Equity Residential and AvalonBay Communities Inc Announced Merger for $52B...,General Project Signal,Apartment,Apartment,New York,Manhattan,New York,AvalonBay,AvalonBay,equity residential,Unknown,Unknown,equity residential,equity residential,New York,"11,000 units",$52B; $52 billion; $69 billion,,,,,,,,,,85,High Deal Intelligence,Underwriting benchmark,Apartment REITs Equity Residential and AvalonBay Communities Inc Announced Merger for $52B Apartment REIT,Yield PRO,https://yieldpro.com/2026/05/52b-apartment-reit/,100,DFP-F34F2965AB,90,General Project Signal - General Project Signal - New York - Apartment REITs Equity Residential and AvalonBay Communities Inc Announced Merger for $52B...,General Project Signal - AvalonBay - New York,DCL-20260525-001,1
2026-05-25,20260525-230212-45b2fe12,PRJ-20260525-0069,Entitlement / Permitting - Los Angeles - Developer revives plan for Best Western hotel at 2645 S. Western Ave. in Jefferson Park,80,2026-05-25 23:02:12,Entitlement / Permitting - Los Angeles - Habitat development opens for residents next to La Cienega/Jefferson Station,Entitlement / Permitting,Affordable Housing,Workforce Housing,Los Angeles,Los Angeles,California,Unknown,Unknown,Unknown,Unknown,Unknown,Unknown,Unknown,Los Angeles,7 apartments,$2; $9; $2,,,,,,,,,permit,83,High Deal Intelligence,Entitlement / zoning watch,Habitat development opens for residents next to La Cienega/Jefferson Station,Urbanize LA,https://la.urbanize.city/post/habitat-development-opens-residents-next-la-cienegajefferson-station,100,DFP-1E6DD9B4C9,75,Entitlement / Permitting - Entitlement / Permitting - Los Angeles - Habitat development opens for residents next to La Cienega/Jefferson Station,Entitlement / Permitting - Unknown - Los Angeles,DCL-20260525-002,1
2026-05-25,20260525-230212-45b2fe12,PRJ-20260525-0112,Acquisition - California - Sacramento Multifamily Sale 16 Powerhouse Achieves Market’s Highest Price Per Unit in Four...,80,2026-05-25 23:02:12,Acquisition - California - Sacramento Multifamily Sale 16 Powerhouse Achieves Market’s Highest Price Per Unit in Four...,Acquisition,Multifamily,Multifamily,California,Sacramento,California,Unknown,Unknown,Unknown,cbre,CBRE,Unknown,Unknown,California,,$34.5; $34.5,$34.5,$34.5,,,,,,,,81,High Deal Intelligence,Pricing benchmark,Sacramento Multifamily Sale 16 Powerhouse Achieves Market’s Highest Price Per Unit in Four Years,Yield PRO,https://yieldpro.com/2026/05/16-powerhouse/,100,DFP-EDF1789817,75,Acquisition - Acquisition - California - Sacramento Multifamily Sale 16 Powerhouse Achieves Market’s Highest Price Per Unit in Four...,Acquisition - Unknown - California,DCL-20260525-003,1
2026-05-25,20260525-230212-45b2fe12,PRJ-20260525-0049,Acquisition - California - Sacramento Multifamily Sale 16 Powerhouse Achieves Market’s Highest Price Per Unit in Four...,80,2026-05-25 23:02:12,Construction Financing - California - JLL Lines Up $144M Construction Loan for Santa Ana Multifamily,Construction Financing,Apartment,Apartment,California,California,California,Unknown,Unknown,Unknown,jll,JLL,Unknown,Unknown,California,,$144M; $144M; $144,$144M,,,,,,,,,81,High Deal Intelligence,Capital market signal,JLL Lines Up $144M Construction Loan for Santa Ana Multifamily,Connect CRE Orange County,https://www.connectcre.com/stories/jll-lines-up-144m-construction-loan-for-santa-ana-multifamily/,100,DFP-B52F91F0C5,75,Construction Financing - Construction Financing - California - JLL Lines Up $144M Construction Loan for Santa Ana Multifamily,Construction Financing - Unknown - JLL - California,DCL-20260525-004,1
2026-05-25,20260525-230212-45b2fe12,PRJ-20260525-0034,Disposition / Exit - Sun Belt - Charlotte Apartment Project Fetches $107M,100,2026-05-25 23:02:12,Disposition / Exit - Sun Belt - Charlotte Apartment Project Fetches $107M,Disposition / Exit,Apartment,Apartment,Sun Belt,Atlanta,Sun Belt,Wood Partners,Wood Partners,Unknown,northmarq,northmarq,Unknown,Unknown,Sun Belt,,$107M; $107M; $107 million,,,,,,,,,,81,High Deal Intelligence,Underwriting benchmark,Charlotte Apartment Project Fetches $107M,Connect CRE Charlotte,https://www.connectcre.com/stories/charlotte-apartment-project-fetches-107m/,100,DFP-93359E6D9F,90,Disposition / Exit - Disposition / Exit - Sun Belt - Charlotte Apartment Project Fetches $107M,Disposition / Exit - Wood Partners - Sun Belt,DCL-20260525-005,1
2026-05-25,20260525-230212-45b2fe12,PRJ-20260525-0049,Acquisition - California - Sacramento Multifamily Sale 16 Powerhouse Achieves Market’s Highest Price Per Unit in Four...,80,2026-05-25 23:02:12,Disposition / Exit - California - Northmarq: Multifamily Sale Serves as Benchmark for Fresno Market,Disposition / Exit,Apartment,Apartment,California,California,California,Unknown,Unknown,Unknown,northmarq,northmarq,Unknown,Unknown,California,,$10.95; $10.95,,,,,,,,,,77,Useful Deal Signal,Entitlement / zoning watch,Northmarq: Multifamily Sale Serves as Benchmark for Fresno Market,Connect CRE Apartments,https://www.connectcre.com/stories/northmarq-multifamily-sale-serves-as-benchmark-for-fresno-market/,100,DFP-534C0327BF,75,Disposition / Exit - Disposition / Exit - California - Northmarq: Multifamily Sale Serves as Benchmark for Fresno Market,Disposition / Exit - Unknown - California,DCL-20260525-006,1
2026-05-25,20260525-230212-45b2fe12,PRJ-20260525-0079,Acquisition - National - Arbor Realty Trust Lends $125M on Chicago Apartments Acquisition,100,2026-05-25 23:02:12,Acquisition - National - Arbor Realty Trust Lends $125M on Chicago Apartments Acquisition,Acquisition,Apartment,Apartment,National,National,Unknown,Brookfield,Brookfield,brookfield,Unknown,Unknown,brookfield,Brookfield,National,,$125M; $125M; $125.3 million,$125.3 million,$125M,,,,,,,,75,Useful Deal Signal,Pricing benchmark,Arbor Realty Trust Lends $125M on Chicago Apartments Acquisition,Commercial Observer,https://commercialobserver.com/2026/05/arbor-realty-trust-chicago-apartments-ohare-airport/,100,DFP-EB3F31FEB1,80,Acquisition - Acquisition - National - Arbor Realty Trust Lends $125M on Chicago Apartments Acquisition,Acquisition - Brookfield - National,DCL-20260525-007,1
2026-05-25,20260525-230212-45b2fe12,PRJ-20260525-0077,Construction Financing - Sun Belt - Madison Realty Capital Originates $91.8M Construction Loan for Multifamily Project in Sout...,80,2026-05-25 23:02:12,"Acquisition - Sun Belt - Dutch Investor Pays $110M for New Rental in Aventura, Fla.",Acquisition,Apartment,Apartment,Sun Belt,Miami,Sun Belt,Unknown,Unknown,Unknown,Unknown,Unknown,Unknown,Unknown,Sun Belt,266 apartments,$110M; $110M; $85M,$85M,$85M,,,,,,,,75,Useful Deal Signal,Pricing benchmark,"Dutch Investor Pays $110M for New Rental in Aventura, Fla.",Commercial Observer,https://commercialobserver.com/2026/05/breevest-avida-aventura-fifield-multifamily-housing/,100,DFP-3D1E1F2C25,75,"Acquisition - Acquisition - Sun Belt - Dutch Investor Pays $110M for New Rental in Aventura, Fla.",Acquisition - Unknown - Sun Belt,DCL-20260525-008,1
2026-05-25,20260525-230212-45b2fe12,PRJ-20260525-0077,Construction Financing - Sun Belt - Madison Realty Capital Originates $91.8M Construction Loan for Multifamily Project in Sout...,80,2026-05-25 23:02:12,Acquisition - Sun Belt - El-Ad Pays $45.5M for Coconut Grove Property,Acquisition,Apartment,Apartment,Sun Belt,Miami,Sun Belt,Unknown,Unknown,Unknown,berkadia,Berkadia,Unknown,Unknown,Sun Belt,,$45.5M; $45.5M; $45.5 million,,$45.5M,,,,,,,,73,Useful Deal Signal,Pricing benchmark,El-Ad Pays $45.5M for Coconut Grove Property,Connect CRE South Florida,https://www.connectcre.com/stories/el-ad-pays-45-5m-for-coconut-grove-property/,100,DFP-30194271EF,75,Acquisition - Acquisition - Sun Belt - El-Ad Pays $45.5M for Coconut Grove Property,Acquisition - Unknown - Sun Belt,DCL-20260525-009,1
2026-05-25,20260525-230212-45b2fe12,PRJ-20260525-0049,Acquisition - California - Sacramento Multifamily Sale 16 Powerhouse Achieves Market’s Highest Price Per Unit in Four...,80,2026-05-25 23:02:12,Acquisition - California - Hudson Valley Property Group Expands California Presence with Elk Grove Acquisition,Acquisition,BTR / Single-Family Rental,Apartment,California,California,California,Unknown,Unknown,Unknown,Unknown,Unknown,Unknown,Unknown,California,,$83.6 million; $83.6 million,$83.6 million,$83.6 million,,,,,,,,73,Useful Deal Signal,Pricing benchmark,Hudson Valley Property Group Expands California Presence with Elk Grove Acquisition,Connect CRE,https://www.connectcre.com/stories/hudson-valley-property-group-expands-california-presence-with-elk-grove-acquisition/,99,DFP-F25DBA9925,65,Acquisition - Acquisition - California - Hudson Valley Property Group Expands California Presence with Elk Grove Acquisition,Acquisition - Unknown - California,DCL-20260525-010,1
2026-05-25,20260525-230212-45b2fe12,PRJ-20260525-0094,Acquisition - New York - AV Management Acquires Multifamily Property 73-75 Sullivan Street in SoHo Manhattan for $4...,80,2026-05-25 23:02:12,Acquisition - New York - Investment Firm Acquires SoHo Mixed-Use for $43M,Acquisition,Mixed-Use Residential,Mixed-Use Residential,New York,New York,New York,Unknown,Unknown,Unknown,cushman,cushman,Unknown,Unknown,New York,,$43M; $43M; $43,$43m,$43M,,,,,,completed,,73,Useful Deal Signal,Pricing benchmark,Investment Firm Acquires SoHo Mixed-Use for $43M,Connect CRE,https://www.connectcre.com/stories/investment-firm-acquires-soho-mixed-use-for-43m/,100,DFP-891A410276,75,Acquisition - Acquisition - New York - Investment Firm Acquires SoHo Mixed-Use for $43M,Acquisition - Unknown - New York,DCL-20260525-011,1
2026-05-25,20260525-230212-45b2fe12,PRJ-20260525-0049,Acquisition - California - Sacramento Multifamily Sale 16 Powerhouse Achieves Market’s Highest Price Per Unit in Four...,80,2026-05-25 23:02:12,Entitlement / Permitting - California - Affordable housing unwrapped at 611 S. Hobart Blvd. in Koreatown,Entitlement / Permitting,Affordable Housing,Affordable Housing,California,California,California,Unknown,Unknown,Unknown,Unknown,Unknown,Unknown,Unknown,California,301 apartments,,,,,,,,,,permitting,73,Useful Deal Signal,Entitlement / zoning watch,Affordable housing unwrapped at 611 S. Hobart Blvd. in Koreatown,Urbanize LA,https://la.urbanize.city/post/affordable-housing-unwrapped-611-s-hobart-blvd-koreatown,100,DFP-70688DBB3C,65,Entitlement / Permitting - Entitlement / Permitting - California - Affordable housing unwrapped at 611 S. Hobart Blvd. in Koreatown,Entitlement / Permitting - Unknown - California,DCL-20260525-012,1
2026-05-25,20260525-230212-45b2fe12,PRJ-20260525-0049,Acquisition - California - Sacramento Multifamily Sale 16 Powerhouse Achieves Market’s Highest Price Per Unit in Four...,80,2026-05-25 23:02:12,General Project Signal - California - Affordable housing takes shape at 101 Pacific Coast Hwy. in Long Beach,General Project Signal,Affordable Housing,Affordable Housing,California,California,California,Unknown,Unknown,Unknown,Unknown,Unknown,Unknown,Unknown,California,52 apartments,$40,,,,,,,,,,72,Useful Deal Signal,Entitlement / zoning watch,Affordable housing takes shape at 101 Pacific Coast Hwy. in Long Beach,Urbanize LA,https://la.urbanize.city/post/affordable-housing-takes-shape-101-pacific-coast-hwy-long-beach,96,DFP-C10C479E42,75,General Project Signal - General Project Signal - California - Affordable housing takes shape at 101 Pacific Coast Hwy. in Long Beach,General Project Signal - Unknown - California,DCL-20260525-013,1
2026-05-25,20260525-230212-45b2fe12,PRJ-20260525-0092,JV / Partnership - New York - Blackstone Announces Joint Venture with Google to Create New TPU Cloud,100,2026-05-25 23:02:12,JV / Partnership - New York - Blackstone Announces Joint Venture with Google to Create New TPU Cloud,JV / Partnership,Unknown Residential,General Residential,New York,New York,New York,Blackstone,Blackstone,blackstone,Unknown,Unknown,blackstone,Blackstone,New York,,$5 billion; $5 billion,,,,,,,,,,71,Useful Deal Signal,GP partnership reference,Blackstone Announces Joint Venture with Google to Create New TPU Cloud,Blackstone Real Estate,https://www.blackstone.com/news/press/blackstone-announces-joint-venture-with-google-to-create-new-tpu-cloud/,60,DFP-588F766601,80,JV / Partnership - JV / Partnership - New York - Blackstone Announces Joint Venture with Google to Create New TPU Cloud,JV / Partnership - Blackstone - New York,DCL-20260525-014,1
2026-05-25,20260525-230212-45b2fe12,PRJ-20260525-0033,BTR / Build-to-Rent - Arizona - Work Begins on Avala a 94-Unit Scottsdale Luxury Multifamily Build-to-Rent Community,80,2026-05-25 23:02:12,Acquisition - Arizona - Bascom Arizona Ventures Buys Multifamily Community in Tucson for $45.5M,Acquisition,Apartment,Apartment,Arizona,Arizona,Arizona,Unknown,Unknown,Unknown,Unknown,Unknown,Unknown,Unknown,Arizona,289 apartments,$45.5M; $45.5M; $45.5m,$45.5m,$45.5M,,,,,,,,70,Useful Deal Signal,Pricing benchmark,Bascom Arizona Ventures Buys Multifamily Community in Tucson for $45.5M,REBusiness Online,https://rebusinessonline.com/bascom-arizona-ventures-buys-multifamily-community-in-tucson-for-45-5m/,85,DFP-46C2EDAB0C,75,Acquisition - Acquisition - Arizona - Bascom Arizona Ventures Buys Multifamily Community in Tucson for $45.5M,Acquisition - Unknown - Arizona,DCL-20260525-015,1
2026-05-25,20260525-230212-45b2fe12,PRJ-20260525-0036,"Acquisition - Sun Belt - Dominium Acquires Affordable Seniors Housing Community in Duluth, Georgia, Plans $9.9M Ren...",80,2026-05-25 23:02:12,Disposition / Exit - Sun Belt - Eaton Vance Picks Charlotte Rental Community for $65.8M,Disposition / Exit,Apartment,Apartment,Sun Belt,Atlanta,Sun Belt,Unknown,Unknown,Unknown,jll,JLL,Unknown,Unknown,Sun Belt,,$65.8M; $65.8M; $65.8 million,$65.8m,,,,,,,,,69,Useful Deal Signal,Capital market signal,Eaton Vance Picks Charlotte Rental Community for $65.8M,Connect CRE Charlotte,https://www.connectcre.com/stories/eaton-vance-picks-charlotte-rental-community-for-65-8m/,100,DFP-BB228858D1,75,Disposition / Exit - Disposition / Exit - Sun Belt - Eaton Vance Picks Charlotte Rental Community for $65.8M,Disposition / Exit - Unknown - Sun Belt,DCL-20260525-016,1
2026-05-25,20260525-230212-45b2fe12,PRJ-20260525-0107,Construction Financing - Other / Unknown - Eastern Bank Leads Financing for Wood Partners’ First Rhode Island Project,100,2026-05-25 23:02:12,Construction Financing - Other / Unknown - Eastern Bank Leads Financing for Wood Partners’ First Rhode Island Project,Construction Financing,Apartment,Apartment,Other / Unknown,Unknown,Unknown,Wood Partners,Wood Partners,Unknown,Unknown,Unknown,Unknown,Unknown,Other / Unknown,,$31; $31,$31,,,,,,,,,67,Useful Deal Signal,Capital market signal,Eastern Bank Leads Financing for Wood Partners’ First Rhode Island Project,Connect CRE,https://www.connectcre.com/stories/eastern-bank-leads-financing-for-wood-partners-first-rhode-island-project/,100,DFP-6A50E8F442,70,Construction Financing - Construction Financing - Other / Unknown - Eastern Bank Leads Financing for Wood Partners’ First Rhode Island Project,Construction Financing - Wood Partners - Other / Unknown,DCL-20260525-017,1
2026-05-25,20260525-230212-45b2fe12,PRJ-20260525-0049,Acquisition - California - Sacramento Multifamily Sale 16 Powerhouse Achieves Market’s Highest Price Per Unit in Four...,80,2026-05-25 23:02:12,General Project Signal - California - JLL Arranges $252M Financing for Huntington Beach Seniors Project,General Project Signal,Senior Housing,Senior Housing,California,California,California,Unknown,Unknown,Unknown,jll,JLL,Unknown,Unknown,California,,$252M; $252M; $252.1 million,$252M,,,,,,,,,66,Useful Deal Signal,Capital market signal,JLL Arranges $252M Financing for Huntington Beach Seniors Project,Connect CRE Orange County,https://www.connectcre.com/stories/jll-arranges-252m-financing-for-huntington-beach-seniors-project/,85,DFP-0B566E6C3C,75,General Project Signal - General Project Signal - California - JLL Arranges $252M Financing for Huntington Beach Seniors Project,General Project Signal - Unknown - California,DCL-20260525-018,1
2026-05-25,20260525-230212-45b2fe12,PRJ-20260525-0077,Construction Financing - Sun Belt - Madison Realty Capital Originates $91.8M Construction Loan for Multifamily Project in Sout...,80,2026-05-25 23:02:12,Construction Financing - Sun Belt - Alta Developers Lands $91.8M Construction Loan for Miami Apartments,Construction Financing,Apartment,Apartment,Sun Belt,Miami,Sun Belt,Unknown,Unknown,Unknown,Unknown,Unknown,Unknown,Unknown,Sun Belt,,$91.8M; $91.8M; $91.8 million,$91.8M,,,,,,,,,65,Useful Deal Signal,Capital market signal,Alta Developers Lands $91.8M Construction Loan for Miami Apartments,Connect CRE South Florida,https://www.connectcre.com/stories/alta-developers-lands-91-8m-construction-loan-for-miami-apartments/,100,DFP-3213D240BF,65,Construction Financing - Construction Financing - Sun Belt - Alta Developers Lands $91.8M Construction Loan for Miami Apartments,Construction Financing - Unknown - Sun Belt,DCL-20260525-019,1
2026-05-25,20260525-230212-45b2fe12,PRJ-20260525-0077,Construction Financing - Sun Belt - Madison Realty Capital Originates $91.8M Construction Loan for Multifamily Project in Sout...,80,2026-05-25 23:02:12,Construction Financing - Sun Belt - Madison Realty Capital Originates $91.8M Construction Loan for Multifamily Project in Sout...,Construction Financing,Apartment,Apartment,Sun Belt,Miami,Sun Belt,Unknown,Unknown,Unknown,Unknown,Unknown,Unknown,Unknown,Sun Belt,,$91.8M; $91.8M; $91.8 million,$91.8M,,,,,,,,,65,Useful Deal Signal,Capital market signal,Madison Realty Capital Originates $91.8M Construction Loan for Multifamily Project in South Miami,REBusiness Online,https://rebusinessonline.com/madison-realty-capital-originates-91-8m-construction-loan-for-multifamily-project-in-south-miami/,100,DFP-35BD9D3978,65,Construction Financing - Construction Financing - Sun Belt - Madison Realty Capital Originates $91.8M Construction Loan for Multifamily Project in Sout...,Construction Financing - Unknown - Sun Belt,DCL-20260525-020,1
2026-05-25,20260525-230212-45b2fe12,PRJ-20260525-0054,Operational / Property Management Tech - Sun Belt - VoltaGrid Announces $1 Billion Strategic Equity Investment from Blackstone and Halliburton...,100,2026-05-25 23:02:12,Operational / Property Management Tech - Sun Belt - VoltaGrid Announces $1 Billion Strategic Equity Investment from Blackstone and Halliburton...,Operational / Property Management Tech,Unknown Residential,General Residential,Sun Belt,Houston,Sun Belt,Blackstone,Blackstone,blackstone,Unknown,Unknown,blackstone,Blackstone,Sun Belt,,$1 Billion; $1 Billion; $1 Billion,,$1 Billion,,,,,,,,65,Useful Deal Signal,Pricing benchmark,VoltaGrid Announces $1 Billion Strategic Equity Investment from Blackstone and Halliburton to Fund Growth and Acquisition of Propell,Blackstone Real Estate,https://www.blackstone.com/news/press/voltagrid-announces-1-billion-strategic-equity-investment-from-blackstone-and-halliburton-to-fund-growth-and-aquisition-of-propell/,54,DFP-3111B08007,80,Operational / Property Management Tech - Operational / Property Management Tech - Sun Belt - VoltaGrid Announces $1 Billion Strategic Equity Investment from Blackstone and Halliburton...,Operational / Property Management Tech - Blackstone - Sun Belt,DCL-20260525-021,1
2026-05-25,20260525-230212-45b2fe12,PRJ-20260525-0094,Acquisition - New York - AV Management Acquires Multifamily Property 73-75 Sullivan Street in SoHo Manhattan for $4...,80,2026-05-25 23:02:12,Refinancing - New York - Dwight Capital Provides $54M HUD-Insured Loan for Refinancing of Queens Apartment Building,Refinancing,Apartment,Apartment,New York,New York,New York,Unknown,Unknown,Unknown,Unknown,Unknown,Unknown,Unknown,New York,,$54M; $54M; $54 million,$54M,,,,,,,,,65,Useful Deal Signal,Capital market signal,Dwight Capital Provides $54M HUD-Insured Loan for Refinancing of Queens Apartment Building,REBusiness Online,https://rebusinessonline.com/dwight-capital-provides-54m-hud-insured-loan-for-refinancing-of-queens-apartment-building/,100,DFP-8A0AB7FAA7,65,Refinancing - Refinancing - New York - Dwight Capital Provides $54M HUD-Insured Loan for Refinancing of Queens Apartment Building,Refinancing - Unknown - New York,DCL-20260525-022,1
2026-05-25,20260525-230212-45b2fe12,PRJ-20260525-0036,"Acquisition - Sun Belt - Dominium Acquires Affordable Seniors Housing Community in Duluth, Georgia, Plans $9.9M Ren...",80,2026-05-25 23:02:12,"Acquisition - Sun Belt - Dominium Acquires Affordable Seniors Housing Community in Duluth, Georgia, Plans $9.9M Ren...",Acquisition,Affordable Housing,Affordable Housing,Sun Belt,Atlanta,Sun Belt,Unknown,Unknown,Unknown,Unknown,Unknown,Unknown,Unknown,Sun Belt,,$9.9M; $9.9M; $9.9 million,$9.9M,$9.9M,,,,,,,,64,Useful Deal Signal,Pricing benchmark,"Dominium Acquires Affordable Seniors Housing Community in Duluth, Georgia, Plans $9.9M Renovation",REBusiness Online,https://rebusinessonline.com/dominium-acquires-affordable-seniors-housing-community-in-duluth-georgia-plans-9-9m-renovation/,98,DFP-64C702737B,65,"Acquisition - Acquisition - Sun Belt - Dominium Acquires Affordable Seniors Housing Community in Duluth, Georgia, Plans $9.9M Ren...",Acquisition - Unknown - Sun Belt,DCL-20260525-023,1
2026-05-25,20260525-230212-45b2fe12,PRJ-20260525-0053,General Project Signal - Florida - S. Florida Ritz-Carlton Developer Inks $401M Bridge Loan,80,2026-05-25 23:02:12,General Project Signal - Florida - S. Florida Ritz-Carlton Developer Inks $401M Bridge Loan,General Project Signal,Apartment,Apartment,Florida,Florida,Florida,Unknown,Unknown,Unknown,berkadia,Berkadia,Unknown,Unknown,Florida,,$401M; $401M; $401 million,$401M,,,,,,,,,63,Useful Deal Signal,Capital market signal,S. Florida Ritz-Carlton Developer Inks $401M Bridge Loan,Connect CRE South Florida,https://www.connectcre.com/stories/s-florida-ritz-carlton-developer-inks-401m-bridge-loan/,100,DFP-732A1631F7,75,General Project Signal - General Project Signal - Florida - S. Florida Ritz-Carlton Developer Inks $401M Bridge Loan,General Project Signal - Unknown - Florida,DCL-20260525-024,1
2026-05-25,20260525-230212-45b2fe12,PRJ-20260525-0077,Construction Financing - Sun Belt - Madison Realty Capital Originates $91.8M Construction Loan for Multifamily Project in Sout...,80,2026-05-25 23:02:12,Refinancing - Sun Belt - Dwight Capital Closes $130M HUD Refi on N. Miami Apartments,Refinancing,Apartment,Apartment,Sun Belt,Miami,Sun Belt,Unknown,Unknown,Unknown,Unknown,Unknown,Unknown,Unknown,Sun Belt,,$130M; $130M; $130 million,$130m,,,,,,,,,62,Useful Deal Signal,Capital market signal,Dwight Capital Closes $130M HUD Refi on N. Miami Apartments,Connect CRE South Florida,https://www.connectcre.com/stories/dwight-capital-closes-130m-hud-refi-on-n-miami-apartments/,92,DFP-E6D2F42FCA,65,Refinancing - Refinancing - Sun Belt - Dwight Capital Closes $130M HUD Refi on N. Miami Apartments,Refinancing - Unknown - Sun Belt,DCL-20260525-025,1
2026-05-25,20260525-230212-45b2fe12,PRJ-20260525-0069,Entitlement / Permitting - Los Angeles - Developer revives plan for Best Western hotel at 2645 S. Western Ave. in Jefferson Park,80,2026-05-25 23:02:12,"Disposition / Exit - Los Angeles - L.A.'s poor ParkScore, Oceanwide sale delayed, and more",Disposition / Exit,Unknown Residential,General Residential,Los Angeles,Los Angeles,California,Unknown,Unknown,Unknown,Unknown,Unknown,Unknown,Unknown,Los Angeles,,$470m; $400m,$470m,,,,,,,,permit,61,Useful Deal Signal,Capital market signal,"L.A.'s poor ParkScore, Oceanwide sale delayed, and more",Urbanize LA,https://la.urbanize.city/post/las-poor-parkscore-oceanwide-sale-delayed-and-more,76,DFP-2467FB86C8,65,"Disposition / Exit - Disposition / Exit - Los Angeles - L.A.'s poor ParkScore, Oceanwide sale delayed, and more",Disposition / Exit - Unknown - Los Angeles,DCL-20260525-026,1
2026-05-25,20260525-230212-45b2fe12,PRJ-20260525-0078,"General Project Signal - National - AvalonBay, Equity Residential Strike Largest REIT Merger In U.S. History",100,2026-05-25 23:02:12,"General Project Signal - National - AvalonBay, Equity Residential Strike Largest REIT Merger In U.S. History",General Project Signal,Apartment,Apartment,National,National,Unknown,AvalonBay,AvalonBay,equity residential,Unknown,Unknown,equity residential,equity residential,National,,$69B; $69b,,,,,,,,,,61,Useful Deal Signal,Underwriting benchmark,"AvalonBay, Equity Residential Strike Largest REIT Merger In U.S. History",Bisnow,https://www.bisnow.com/national/news/capital-markets/avalonbay-equity-residential-all-stock-merger-creating-180000-apartment-giant-134679,89,DFP-A82CF81D10,80,"General Project Signal - General Project Signal - National - AvalonBay, Equity Residential Strike Largest REIT Merger In U.S. History",General Project Signal - AvalonBay - National,DCL-20260525-027,1
2026-05-25,20260525-230212-45b2fe12,PRJ-20260525-0058,Entitlement / Permitting - Los Angeles - Developer revives plan for Best Western hotel at 2645 S. Western Ave. in Jefferson Park,80,2026-05-25 23:02:12,Entitlement / Permitting - Los Angeles - Developer revives plan for Best Western hotel at 2645 S. Western Ave. in Jefferson Park,Entitlement / Permitting,Multifamily,Multifamily,Los Angeles,L.A.,California,Unknown,Unknown,Unknown,Unknown,Unknown,Unknown,Unknown,Los Angeles,,,,,,,,,,,permit,60,Useful Deal Signal,Entitlement / zoning watch,Developer revives plan for Best Western hotel at 2645 S. Western Ave. in Jefferson Park,Urbanize LA,https://la.urbanize.city/post/developer-revives-plan-best-western-hotel-2645-s-western-ave-jefferson-park,91,DFP-1EA4D4DDB2,55,Entitlement / Permitting - Entitlement / Permitting - Los Angeles - Developer revives plan for Best Western hotel at 2645 S. Western Ave. in Jefferson Park,Entitlement / Permitting - Unknown - Los Angeles,DCL-20260525-028,1
2026-05-25,20260525-230212-45b2fe12,PRJ-20260525-0114,Modular / Construction Innovation - California - Modular Apartment Construction Gains Momentum In Bay Area,80,2026-05-25 23:02:12,Modular / Construction Innovation - California - Modular Apartment Construction Gains Momentum In Bay Area,Modular / Construction Innovation,Apartment,Apartment,California,San Francisco,California,Unknown,Unknown,Unknown,Unknown,Unknown,Unknown,Unknown,California,,,,,,,,,,,,59,Monitor,Entitlement / zoning watch,Modular Apartment Construction Gains Momentum In Bay Area,Bisnow,https://www.bisnow.com/san-francisco/news/prefabrication-and-modular-construction/affordable-housing-developers-modular-construction-control-costs-134694,99,DFP-54BE7EAF79,55,Modular / Construction Innovation - Modular / Construction Innovation - California - Modular Apartment Construction Gains Momentum In Bay Area,Modular / Construction Innovation - Unknown - California,DCL-20260525-029,1
2026-05-25,20260525-230212-45b2fe12,PRJ-20260525-0069,Entitlement / Permitting - Los Angeles - Developer revives plan for Best Western hotel at 2645 S. Western Ave. in Jefferson Park,80,2026-05-25 23:02:12,Office-to-Residential Conversion - Los Angeles - Adaptive reuse planned for Westwood office tower at 10900 Wilshire Blvd.,Office-to-Residential Conversion,Office-to-Residential,Office-to-Residential Conversion,Los Angeles,Los Angeles,California,Unknown,Unknown,Unknown,Unknown,Unknown,Unknown,Unknown,Los Angeles,,,,,,,,,,,entitlement,59,Monitor,Entitlement / zoning watch,Adaptive reuse planned for Westwood office tower at 10900 Wilshire Blvd.,Urbanize LA,https://la.urbanize.city/post/adaptive-reuse-planned-westwood-office-tower-10900-wilshire-blvd,100,DFP-C282C059CC,55,Office-to-Residential Conversion - Office-to-Residential Conversion - Los Angeles - Adaptive reuse planned for Westwood office tower at 10900 Wilshire Blvd.,Office-to-Residential Conversion - Unknown - Los Angeles,DCL-20260525-030,1
2026-05-25,20260525-230212-45b2fe12,PRJ-20260525-0094,Acquisition - New York - AV Management Acquires Multifamily Property 73-75 Sullivan Street in SoHo Manhattan for $4...,80,2026-05-25 23:02:12,Acquisition - New York - AV Management Acquires Multifamily Property 73-75 Sullivan Street in SoHo Manhattan for $4...,Acquisition,Multifamily,Multifamily,New York,New York,New York,Unknown,Unknown,Unknown,Unknown,Unknown,Unknown,Unknown,New York,,$43M; $43; $43m,,$43M,,,,,,completed,,58,Monitor,Pricing benchmark,AV Management Acquires Multifamily Property 73-75 Sullivan Street in SoHo Manhattan for $43M,Yield PRO,https://yieldpro.com/2026/05/73-75-sullivan-street/,80,DFP-55649921EC,65,Acquisition - Acquisition - New York - AV Management Acquires Multifamily Property 73-75 Sullivan Street in SoHo Manhattan for $4...,Acquisition - Unknown - New York,DCL-20260525-031,1
2026-05-25,20260525-230212-45b2fe12,PRJ-20260525-0111,BTR / Build-to-Rent - Sun Belt - Work Begins on 94-Unit Scottsdale Luxury BTR Community,80,2026-05-25 23:02:12,Acquisition - Sun Belt - US Merchants Picks Up Rail-Ready Surprise Warehouse for $63.8M,Acquisition,Unknown Residential,General Residential,Sun Belt,Phoenix,Sun Belt,Unknown,Unknown,Unknown,jll,JLL,Unknown,Unknown,Sun Belt,,$63.8M; $63.8M; $63.8 million,,$63.8 million,,,,,,completed,,56,Monitor,Pricing benchmark,US Merchants Picks Up Rail-Ready Surprise Warehouse for $63.8M,Connect CRE Phoenix,https://www.connectcre.com/stories/us-merchants-picks-up-rail-ready-surprise-warehouse-for-63-8m/,52,DFP-454BA7F7FD,75,Acquisition - Acquisition - Sun Belt - US Merchants Picks Up Rail-Ready Surprise Warehouse for $63.8M,Acquisition - Unknown - Sun Belt,DCL-20260525-032,1
2026-05-25,20260525-230212-45b2fe12,PRJ-20260525-0114,Modular / Construction Innovation - California - Modular Apartment Construction Gains Momentum In Bay Area,80,2026-05-25 23:02:12,Entitlement / Permitting - California - Demolition Permits Filed For 1939 Market Street in San Francisco,Entitlement / Permitting,Senior Housing,Senior Housing,California,San Francisco,California,Unknown,Unknown,Unknown,Unknown,Unknown,Unknown,Unknown,California,,,,,,,,,,,Permits,56,Monitor,Entitlement / zoning watch,Demolition Permits Filed For 1939 Market Street in San Francisco,SF YIMBY,https://sfyimby.com/2026/05/demolition-permits-filed-for-1939-market-street-in-san-francisco.html,79,DFP-893B90F6F4,55,Entitlement / Permitting - Entitlement / Permitting - California - Demolition Permits Filed For 1939 Market Street in San Francisco,Entitlement / Permitting - Unknown - California,DCL-20260525-033,1
2026-05-25,20260525-230212-45b2fe12,PRJ-20260525-0049,Acquisition - California - Sacramento Multifamily Sale 16 Powerhouse Achieves Market’s Highest Price Per Unit in Four...,80,2026-05-25 23:02:12,General Project Signal - California - Anaheim Industrial Outdoor Storage Site Secures Bridge Loan,General Project Signal,Unknown Residential,General Residential,California,California,California,Unknown,Unknown,Unknown,jll,JLL,Unknown,Unknown,California,,$26 million; $26 million,$26 million,,,,,,,,,55,Monitor,Capital market signal,Anaheim Industrial Outdoor Storage Site Secures Bridge Loan,Connect CRE Orange County,https://www.connectcre.com/stories/anaheim-industrial-outdoor-storage-site-secured-bridge-loan/,55,DFP-5FF0E680D7,75,General Project Signal - General Project Signal - California - Anaheim Industrial Outdoor Storage Site Secures Bridge Loan,General Project Signal - Unknown - California,DCL-20260525-034,1
2026-05-25,20260525-230212-45b2fe12,PRJ-20260525-0077,Construction Financing - Sun Belt - Madison Realty Capital Originates $91.8M Construction Loan for Multifamily Project in Sout...,80,2026-05-25 23:02:12,Disposition / Exit - Sun Belt - Grand Peaks Sells Miami-Area Apartments for $65.5M,Disposition / Exit,Apartment,Apartment,Sun Belt,Miami,Sun Belt,Unknown,Unknown,Unknown,Unknown,Unknown,Unknown,Unknown,Sun Belt,,$65.5M; $65.5M; $65.5 million,,,,,,,,,,54,Monitor,Underwriting benchmark,Grand Peaks Sells Miami-Area Apartments for $65.5M,Connect CRE South Florida,https://www.connectcre.com/stories/grand-peaks-sells-miami-area-apartments-for-65-5m/,80,DFP-996C9E64B4,65,Disposition / Exit - Disposition / Exit - Sun Belt - Grand Peaks Sells Miami-Area Apartments for $65.5M,Disposition / Exit - Unknown - Sun Belt,DCL-20260525-035,1
2026-05-25,20260525-230212-45b2fe12,PRJ-20260525-0108,"General Project Signal - Other / Unknown - Construction Begins on Second Phase of Luxury Apartment Project in Blue Springs, Missouri",80,2026-05-25 23:02:12,"Entitlement / Permitting - Other / Unknown - Plans Increase For 1223 East 33rd Avenue in Fruitvale, Oakland",Entitlement / Permitting,Affordable Housing,Affordable Housing,Other / Unknown,Unknown,Unknown,Unknown,Unknown,Unknown,Unknown,Unknown,Unknown,Unknown,Other / Unknown,81 apartments,,,,,,,,,,permits,54,Monitor,Entitlement / zoning watch,"Plans Increase For 1223 East 33rd Avenue in Fruitvale, Oakland",SF YIMBY,https://sfyimby.com/2026/05/plans-increase-for-1223-east-33rd-avenue-in-fruitvale-oakland.html,98,DFP-B582EFAEF4,55,"Entitlement / Permitting - Entitlement / Permitting - Other / Unknown - Plans Increase For 1223 East 33rd Avenue in Fruitvale, Oakland",Entitlement / Permitting - Unknown - Other / Unknown,DCL-20260525-036,1
2026-05-25,20260525-230212-45b2fe12,PRJ-20260525-0138,Disposition / Exit - National - Scion and Ares Acquire $910M Multifamily Student Housing Portfolio from Harrison Street As...,80,2026-05-25 23:02:12,Disposition / Exit - National - Scion and Ares Acquire $910M Multifamily Student Housing Portfolio from Harrison Street As...,Disposition / Exit,Student Housing,Student Housing,National,U.S.,Unknown,Unknown,Unknown,ares,Unknown,Unknown,ares,ares,National,,$910M; $910; $910m,,,,,,,,completed,,53,Monitor,Underwriting benchmark,Scion and Ares Acquire $910M Multifamily Student Housing Portfolio from Harrison Street Asset Management,Yield PRO,https://yieldpro.com/2026/05/harrison-streetharrison-street/,83,DFP-DFD2FDE394,65,Disposition / Exit - Disposition / Exit - National - Scion and Ares Acquire $910M Multifamily Student Housing Portfolio from Harrison Street As...,Disposition / Exit - Unknown - National,DCL-20260525-037,1
2026-05-25,20260525-230212-45b2fe12,PRJ-20260525-0036,"Acquisition - Sun Belt - Dominium Acquires Affordable Seniors Housing Community in Duluth, Georgia, Plans $9.9M Ren...",80,2026-05-25 23:02:12,General Project Signal - Sun Belt - Insignia Pursuing Embassy Row Redevelopment,General Project Signal,Apartment,Apartment,Sun Belt,Atlanta,Sun Belt,Unknown,Unknown,Unknown,Unknown,Unknown,Unknown,Unknown,Sun Belt,"1,068 apartments",,,,,,,,,,,51,Monitor,Underwriting benchmark,Insignia Pursuing Embassy Row Redevelopment,Connect CRE Atlanta,https://www.connectcre.com/stories/insignia-pursuing-embassy-row-redevelopment/,89,DFP-FB3F20D8F2,65,General Project Signal - General Project Signal - Sun Belt - Insignia Pursuing Embassy Row Redevelopment,General Project Signal - Unknown - Sun Belt,DCL-20260525-038,1
2026-05-25,20260525-230212-45b2fe12,PRJ-20260525-0137,Disposition / Exit - Texas - The Statesman at Horseshoe Bay Breaks Ground Introducing $108M Luxury Senior Living Commun...,80,2026-05-25 23:02:12,Disposition / Exit - Texas - The Statesman at Horseshoe Bay Breaks Ground Introducing $108M Luxury Senior Living Commun...,Disposition / Exit,Senior Housing,Senior Housing,Texas,Texas,Texas,Unknown,Unknown,Unknown,Unknown,Unknown,Unknown,Unknown,Texas,,$108M; $108 million; $108m,$108M,,,,,,,broke ground,,49,Monitor,Capital market signal,The Statesman at Horseshoe Bay Breaks Ground Introducing $108M Luxury Senior Living Community to the Texas Hill Country,Yield PRO,https://yieldpro.com/2026/05/statesman-at-horseshoe-bay/,67,DFP-357A00818D,65,Disposition / Exit - Disposition / Exit - Texas - The Statesman at Horseshoe Bay Breaks Ground Introducing $108M Luxury Senior Living Commun...,Disposition / Exit - Unknown - Texas,DCL-20260525-039,1
2026-05-25,20260525-230212-45b2fe12,PRJ-20260525-0114,Modular / Construction Innovation - California - Modular Apartment Construction Gains Momentum In Bay Area,80,2026-05-25 23:02:12,"General Project Signal - California - Affordable Housing Pivot For 11880 Skyline Boulevard, Oakland Hills",General Project Signal,Affordable Housing,Affordable Housing,California,San Francisco,California,Unknown,Unknown,Unknown,Unknown,Unknown,Unknown,Unknown,California,31 units,,,,,,,,,,,48,Monitor,Entitlement / zoning watch,"Affordable Housing Pivot For 11880 Skyline Boulevard, Oakland Hills",SF YIMBY,https://sfyimby.com/2026/05/affordable-housing-pivot-for-11880-skyline-boulevard-oakland-hills.html,57,DFP-058F8121E4,65,"General Project Signal - General Project Signal - California - Affordable Housing Pivot For 11880 Skyline Boulevard, Oakland Hills",General Project Signal - Unknown - California,DCL-20260525-040,1
2026-05-25,20260525-230212-45b2fe12,PRJ-20260525-0086,Disposition / Exit - National - Scion and Ares Acquire $910M Multifamily Student Housing Portfolio from Harrison Street As...,80,2026-05-25 23:02:12,"JV / Partnership - National - Ares, Scion Launch JV With $910M Deal For Student Housing Portfolio",JV / Partnership,Student Housing,Student Housing,National,National,Unknown,Unknown,Unknown,ares,Unknown,Unknown,ares,ares,National,,$910M; $910M; $910m,,,,,,,,,,48,Monitor,GP partnership reference,"Ares, Scion Launch JV With $910M Deal For Student Housing Portfolio",Bisnow,https://www.bisnow.com/national/news/student-housing/first-time-jv-partners-acquire-910m-student-housing-portfolio-134662,57,DFP-588F90FA5C,65,"JV / Partnership - JV / Partnership - National - Ares, Scion Launch JV With $910M Deal For Student Housing Portfolio",JV / Partnership - Unknown - National,DCL-20260525-041,1
2026-05-25,20260525-230212-45b2fe12,PRJ-20260525-0086,Disposition / Exit - National - Scion and Ares Acquire $910M Multifamily Student Housing Portfolio from Harrison Street As...,80,2026-05-25 23:02:12,Development Start - National - Multifamily starts forecasts mostly lower in May,Development Start,Apartment,Apartment,National,National,Unknown,Unknown,Unknown,Unknown,fannie mae,Fannie Mae,Unknown,Unknown,National,,,,,,,,,,starts in 2026,,47,Monitor,Pipeline / supply signal,Multifamily starts forecasts mostly lower in May,Yield PRO,https://yieldpro.com/2026/05/multifamily-starts-forecasts-mostly-lower-in-may/,83,DFP-0C46847019,65,Development Start - Development Start - National - Multifamily starts forecasts mostly lower in May,Development Start - Unknown - National,DCL-20260525-042,1
2026-05-25,20260525-230212-45b2fe12,PRJ-20260525-0111,BTR / Build-to-Rent - Sun Belt - Work Begins on 94-Unit Scottsdale Luxury BTR Community,80,2026-05-25 23:02:12,BTR / Build-to-Rent - Sun Belt - Work Begins on 94-Unit Scottsdale Luxury BTR Community,BTR / Build-to-Rent,BTR / Single-Family Rental,BTR / Single-Family Rental,Sun Belt,Phoenix,Sun Belt,Unknown,Unknown,Unknown,Unknown,Unknown,Unknown,Unknown,Sun Belt,,,,,,,,,,,,46,Monitor,Pipeline / supply signal,Work Begins on 94-Unit Scottsdale Luxury BTR Community,Connect CRE Phoenix,https://www.connectcre.com/stories/work-begins-on-94-unit-luxury-btr-community/,85,DFP-546EFB363D,55,BTR / Build-to-Rent - BTR / Build-to-Rent - Sun Belt - Work Begins on 94-Unit Scottsdale Luxury BTR Community,BTR / Build-to-Rent - Unknown - Sun Belt,DCL-20260525-043,1
2026-05-25,20260525-230212-45b2fe12,PRJ-20260525-0037,BTR / Build-to-Rent - Sun Belt - Legacy MCS Completes Two Build-to-Rent Communities in Hutto Expanding Presence in Fast-Gro...,80,2026-05-25 23:02:12,BTR / Build-to-Rent - Sun Belt - Legacy MCS Completes Two Build-to-Rent Communities in Hutto Expanding Presence in Fast-Gro...,BTR / Build-to-Rent,BTR / Single-Family Rental,BTR / Single-Family Rental,Sun Belt,Austin,Sun Belt,Unknown,Unknown,Unknown,Unknown,Unknown,Unknown,Unknown,Sun Belt,,,,,,,,,,completed,,44,Monitor,Pipeline / supply signal,Legacy MCS Completes Two Build-to-Rent Communities in Hutto Expanding Presence in Fast-Growing Austin Metropolitan Area Corridor,Yield PRO,https://yieldpro.com/2026/05/cottonwood-creek-2/,81,DFP-6687DD7C1F,55,BTR / Build-to-Rent - BTR / Build-to-Rent - Sun Belt - Legacy MCS Completes Two Build-to-Rent Communities in Hutto Expanding Presence in Fast-Gro...,BTR / Build-to-Rent - Unknown - Sun Belt,DCL-20260525-044,1
2026-05-25,20260525-230212-45b2fe12,PRJ-20260525-0111,BTR / Build-to-Rent - Sun Belt - Work Begins on 94-Unit Scottsdale Luxury BTR Community,80,2026-05-25 23:02:12,BTR / Build-to-Rent - Sun Belt - NexMetro Debuts 229-Unit San Tan Valley BTR Community,BTR / Build-to-Rent,BTR / Single-Family Rental,BTR / Single-Family Rental,Sun Belt,Phoenix,Sun Belt,Unknown,Unknown,Unknown,Unknown,Unknown,Unknown,Unknown,Sun Belt,,,,,,,,,,,,44,Monitor,Pipeline / supply signal,NexMetro Debuts 229-Unit San Tan Valley BTR Community,Connect CRE Phoenix,https://www.connectcre.com/stories/nexmetro-debuts-229-unit-san-tan-valley-btr-community/,80,DFP-8F6D9A043E,55,BTR / Build-to-Rent - BTR / Build-to-Rent - Sun Belt - NexMetro Debuts 229-Unit San Tan Valley BTR Community,BTR / Build-to-Rent - Unknown - Sun Belt,DCL-20260525-045,1
2026-05-25,20260525-230212-45b2fe12,PRJ-20260525-0036,"Acquisition - Sun Belt - Dominium Acquires Affordable Seniors Housing Community in Duluth, Georgia, Plans $9.9M Ren...",80,2026-05-25 23:02:12,Entitlement / Permitting - Sun Belt - Cambridge Properties Bringing New Life to Aging Charlotte Center,Entitlement / Permitting,Apartment,Apartment,Sun Belt,Atlanta,Sun Belt,Unknown,Unknown,Unknown,Unknown,Unknown,Unknown,Unknown,Sun Belt,,,,,,,,,,,permit,44,Monitor,Entitlement / zoning watch,Cambridge Properties Bringing New Life to Aging Charlotte Center,Connect CRE Charlotte,https://www.connectcre.com/stories/cambridge-properties-bringing-new-life-to-aging-center/,70,DFP-F59A9F56DA,55,Entitlement / Permitting - Entitlement / Permitting - Sun Belt - Cambridge Properties Bringing New Life to Aging Charlotte Center,Entitlement / Permitting - Unknown - Sun Belt,DCL-20260525-046,1
2026-05-25,20260525-230212-45b2fe12,PRJ-20260525-0036,"Acquisition - Sun Belt - Dominium Acquires Affordable Seniors Housing Community in Duluth, Georgia, Plans $9.9M Ren...",80,2026-05-25 23:02:12,Refinancing - Sun Belt - Georgia Tech Student Housing Investors Ink Refi,Refinancing,Student Housing,Student Housing,Sun Belt,Atlanta,Sun Belt,Unknown,Unknown,Unknown,Unknown,Unknown,Unknown,Unknown,Sun Belt,,,,,,,,,,,,44,Monitor,Capital market signal,Georgia Tech Student Housing Investors Ink Refi,Connect CRE Atlanta,https://www.connectcre.com/stories/georgia-tech-student-housing-investors-ink-refi/,68,DFP-8A2A84B303,55,Refinancing - Refinancing - Sun Belt - Georgia Tech Student Housing Investors Ink Refi,Refinancing - Unknown - Sun Belt,DCL-20260525-047,1
2026-05-25,20260525-230212-45b2fe12,PRJ-20260525-0108,"General Project Signal - Other / Unknown - Construction Begins on Second Phase of Luxury Apartment Project in Blue Springs, Missouri",80,2026-05-25 23:02:12,"General Project Signal - Other / Unknown - Construction Begins on Second Phase of Luxury Apartment Project in Blue Springs, Missouri",General Project Signal,Apartment,Apartment,Other / Unknown,Unknown,Unknown,Unknown,Unknown,Unknown,Unknown,Unknown,Unknown,Unknown,Other / Unknown,123 units,,,,,,,,,,,43,Monitor,Underwriting benchmark,"Construction Begins on Second Phase of Luxury Apartment Project in Blue Springs, Missouri",REBusiness Online,https://rebusinessonline.com/construction-begins-on-second-phase-of-luxury-apartment-project-in-blue-springs-missouri/,94,DFP-BA7AB483A6,55,"General Project Signal - General Project Signal - Other / Unknown - Construction Begins on Second Phase of Luxury Apartment Project in Blue Springs, Missouri",General Project Signal - Unknown - Other / Unknown,DCL-20260525-048,1
2026-05-25,20260525-230212-45b2fe12,PRJ-20260525-0105,"General Project Signal - Other / Unknown - Formal Application For 19300 Stevens Creek Boulevard, Cupertino",100,2026-05-25 23:02:12,"General Project Signal - Other / Unknown - Formal Application For 19300 Stevens Creek Boulevard, Cupertino",General Project Signal,Apartment,Apartment,Other / Unknown,Unknown,Unknown,Hanover Company,Hanover Company,Unknown,Unknown,Unknown,Unknown,Unknown,Other / Unknown,360 apartments,,,,,,,,,,,43,Monitor,Underwriting benchmark,"Formal Application For 19300 Stevens Creek Boulevard, Cupertino",SF YIMBY,https://sfyimby.com/2026/05/formal-application-for-19300-stevens-creek-boulevard-cupertino.html,59,DFP-DFDCB03A33,70,"General Project Signal - General Project Signal - Other / Unknown - Formal Application For 19300 Stevens Creek Boulevard, Cupertino",General Project Signal - Hanover Company - Other / Unknown,DCL-20260525-049,1
2026-05-25,20260525-230212-45b2fe12,PRJ-20260525-0116,BTR / Build-to-Rent - Arizona - Work Begins on Avala a 94-Unit Scottsdale Luxury Multifamily Build-to-Rent Community,80,2026-05-25 23:02:12,BTR / Build-to-Rent - Arizona - Work Begins on Avala a 94-Unit Scottsdale Luxury Multifamily Build-to-Rent Community,BTR / Build-to-Rent,BTR / Single-Family Rental,BTR / Single-Family Rental,Arizona,Scottsdale,Arizona,Unknown,Unknown,Unknown,Unknown,Unknown,Unknown,Unknown,Arizona,,,,,,,,,,,,42,Monitor,Pipeline / supply signal,Work Begins on Avala a 94-Unit Scottsdale Luxury Multifamily Build-to-Rent Community,Yield PRO,https://yieldpro.com/2026/05/64th-and-oak-streets/,74,DFP-4DEE729109,55,BTR / Build-to-Rent - BTR / Build-to-Rent - Arizona - Work Begins on Avala a 94-Unit Scottsdale Luxury Multifamily Build-to-Rent Community,BTR / Build-to-Rent - Unknown - Arizona,DCL-20260525-050,1
2026-05-25,20260525-230212-45b2fe12,PRJ-20260525-0108,"General Project Signal - Other / Unknown - Construction Begins on Second Phase of Luxury Apartment Project in Blue Springs, Missouri",80,2026-05-25 23:02:12,Development Start - Other / Unknown - Missing Middle Weakness,Development Start,Apartment,Apartment,Other / Unknown,Unknown,Unknown,Unknown,Unknown,Unknown,Unknown,Unknown,Unknown,Unknown,Other / Unknown,,,,,,,,,,,,41,Monitor,Pipeline / supply signal,Missing Middle Weakness,NAHB Eye on Housing - Multifamily,https://eyeonhousing.org/2026/01/missing-middle-weakness/,88,DFP-2F6D8F65F6,45,Development Start - Development Start - Other / Unknown - Missing Middle Weakness,Development Start - Unknown - Other / Unknown,DCL-20260525-051,1
2026-05-25,20260525-230212-45b2fe12,PRJ-20260525-0138,Disposition / Exit - National - Scion and Ares Acquire $910M Multifamily Student Housing Portfolio from Harrison Street As...,80,2026-05-25 23:02:12,Development Start - National - Multifamily starts rose again in April,Development Start,Apartment,Apartment,National,U.S.,Unknown,Unknown,Unknown,Unknown,Unknown,Unknown,Unknown,Unknown,National,,,,,,,,,,,,40,Monitor,Pipeline / supply signal,Multifamily starts rose again in April,Multifamily Dive,https://www.multifamilydive.com/news/multifamily-starts-april-hud-census/820982/,86,DFP-C050CB07F0,55,Development Start - Development Start - National - Multifamily starts rose again in April,Development Start - Unknown - National,DCL-20260525-052,1
2026-05-25,20260525-230212-45b2fe12,PRJ-20260525-0108,"General Project Signal - Other / Unknown - Construction Begins on Second Phase of Luxury Apartment Project in Blue Springs, Missouri",80,2026-05-25 23:02:12,Entitlement / Permitting - Other / Unknown - Shorter Apartment Construction Time in 2024,Entitlement / Permitting,Apartment,Apartment,Other / Unknown,Unknown,Unknown,Unknown,Unknown,Unknown,Unknown,Unknown,Unknown,Unknown,Other / Unknown,,,,,,,,,,,permit,37,Low Detail Signal,Entitlement / zoning watch,Shorter Apartment Construction Time in 2024,NAHB Eye on Housing - Multifamily,https://eyeonhousing.org/2025/10/shorter-apartment-construction-time-in-2024/,76,DFP-57A3A9A4F0,45,Entitlement / Permitting - Entitlement / Permitting - Other / Unknown - Shorter Apartment Construction Time in 2024,Entitlement / Permitting - Unknown - Other / Unknown,DCL-20260525-053,1
2026-05-25,20260525-230212-45b2fe12,PRJ-20260525-0108,"General Project Signal - Other / Unknown - Construction Begins on Second Phase of Luxury Apartment Project in Blue Springs, Missouri",80,2026-05-25 23:02:12,"Operational / Property Management Tech - Other / Unknown - Morgan Properties Hires Tech Czar To Deploy AI Across 110,000 Apartments",Operational / Property Management Tech,Apartment,Apartment,Other / Unknown,Unknown,Unknown,Unknown,Unknown,Unknown,Unknown,Unknown,Unknown,Unknown,Other / Unknown,"110,000 Apartments",,,,,,,,,,,36,Low Detail Signal,Underwriting benchmark,"Morgan Properties Hires Tech Czar To Deploy AI Across 110,000 Apartments",Bisnow,https://www.bisnow.com/philadelphia/news/multifamily/morgan-properties-ai-devang-patel-134680,58,DFP-2E49221899,55,"Operational / Property Management Tech - Operational / Property Management Tech - Other / Unknown - Morgan Properties Hires Tech Czar To Deploy AI Across 110,000 Apartments",Operational / Property Management Tech - Unknown - Other / Unknown,DCL-20260525-054,1
2026-05-25,20260525-230212-45b2fe12,PRJ-20260525-0086,Disposition / Exit - National - Scion and Ares Acquire $910M Multifamily Student Housing Portfolio from Harrison Street As...,80,2026-05-25 23:02:12,"Disposition / Exit - National - CRE Sales Fall 33%, Reversing Q1 Momentum As Debt Costs Climb",Disposition / Exit,Unknown Residential,General Residential,National,National,Unknown,Unknown,Unknown,Unknown,cbre,CBRE,Unknown,Unknown,National,,,,,,,,,,,,33,Low Detail Signal,Monitor only,"CRE Sales Fall 33%, Reversing Q1 Momentum As Debt Costs Climb",Bisnow,https://www.bisnow.com/national/news/capital-markets/cre-sales-fall-33-percent-reversing-first-quarter-momentum-debt-costs-climb-134663,55,DFP-18560729B7,65,"Disposition / Exit - Disposition / Exit - National - CRE Sales Fall 33%, Reversing Q1 Momentum As Debt Costs Climb",Disposition / Exit - Unknown - National,DCL-20260525-055,1
2026-05-25,20260525-230212-45b2fe12,PRJ-20260525-0108,"General Project Signal - Other / Unknown - Construction Begins on Second Phase of Luxury Apartment Project in Blue Springs, Missouri",80,2026-05-25 23:02:12,Entitlement / Permitting - Other / Unknown - Builders Stay Cautious as Single-Family Permits Weaken,Entitlement / Permitting,Multifamily,Multifamily,Other / Unknown,Unknown,Unknown,Unknown,Unknown,Unknown,Unknown,Unknown,Unknown,Unknown,Other / Unknown,,,,,,,,,,,permitting,33,Low Detail Signal,Entitlement / zoning watch,Builders Stay Cautious as Single-Family Permits Weaken,NAHB Eye on Housing - Multifamily,https://eyeonhousing.org/2025/10/builders-stay-cautious-as-single-family-permits-weaken/,66,DFP-C96F67339E,45,Entitlement / Permitting - Entitlement / Permitting - Other / Unknown - Builders Stay Cautious as Single-Family Permits Weaken,Entitlement / Permitting - Unknown - Other / Unknown,DCL-20260525-056,1
2026-05-25,20260525-230212-45b2fe12,PRJ-20260525-0108,"General Project Signal - Other / Unknown - Construction Begins on Second Phase of Luxury Apartment Project in Blue Springs, Missouri",80,2026-05-25 23:02:12,Development Start - Other / Unknown - Fourth Quarter 2025 Multifamily Construction Data,Development Start,Multifamily,Multifamily,Other / Unknown,Unknown,Unknown,Unknown,Unknown,Unknown,Unknown,Unknown,Unknown,Unknown,Other / Unknown,,,,,,,,,,,,32,Low Detail Signal,Pipeline / supply signal,Fourth Quarter 2025 Multifamily Construction Data,NAHB Eye on Housing - Multifamily,https://eyeonhousing.org/2026/03/fourth-quarter-2025-multifamily-construction-data/,63,DFP-B90543DC0D,45,Development Start - Development Start - Other / Unknown - Fourth Quarter 2025 Multifamily Construction Data,Development Start - Unknown - Other / Unknown,DCL-20260525-057,1
2026-05-25,20260525-230212-45b2fe12,PRJ-20260525-0108,"General Project Signal - Other / Unknown - Construction Begins on Second Phase of Luxury Apartment Project in Blue Springs, Missouri",80,2026-05-25 23:02:12,Development Start - Other / Unknown - Overall Housing Starts Inch Lower in 2025,Development Start,Multifamily,Multifamily,Other / Unknown,Unknown,Unknown,Unknown,Unknown,Unknown,Unknown,Unknown,Unknown,Unknown,Other / Unknown,,,,,,,,,,,,32,Low Detail Signal,Pipeline / supply signal,Overall Housing Starts Inch Lower in 2025,NAHB Eye on Housing - Multifamily,https://eyeonhousing.org/2026/02/overall-housing-starts-inch-lower-in-2025/,63,DFP-929C698B57,45,Development Start - Development Start - Other / Unknown - Overall Housing Starts Inch Lower in 2025,Development Start - Unknown - Other / Unknown,DCL-20260525-058,1
2026-05-25,20260525-230212-45b2fe12,PRJ-20260525-0108,"General Project Signal - Other / Unknown - Construction Begins on Second Phase of Luxury Apartment Project in Blue Springs, Missouri",80,2026-05-25 23:02:12,Development Start - Other / Unknown - Third Quarter 2025 Multifamily Construction Data,Development Start,Multifamily,Multifamily,Other / Unknown,Unknown,Unknown,Unknown,Unknown,Unknown,Unknown,Unknown,Unknown,Unknown,Other / Unknown,,,,,,,,,,,,32,Low Detail Signal,Pipeline / supply signal,Third Quarter 2025 Multifamily Construction Data,NAHB Eye on Housing - Multifamily,https://eyeonhousing.org/2026/01/third-quarter-2025-multifamily-construction-data/,63,DFP-9635218EA1,45,Development Start - Development Start - Other / Unknown - Third Quarter 2025 Multifamily Construction Data,Development Start - Unknown - Other / Unknown,DCL-20260525-059,1
2026-05-25,20260525-230212-45b2fe12,PRJ-20260525-0108,"General Project Signal - Other / Unknown - Construction Begins on Second Phase of Luxury Apartment Project in Blue Springs, Missouri",80,2026-05-25 23:02:12,General Project Signal - Other / Unknown - Multifamily Absorption Rate Remains Below 50%,General Project Signal,Apartment,Apartment,Other / Unknown,Unknown,Unknown,Unknown,Unknown,Unknown,Unknown,Unknown,Unknown,Unknown,Other / Unknown,,,,,,,,,,completed,,27,Low Detail Signal,Monitor only,Multifamily Absorption Rate Remains Below 50%,NAHB Eye on Housing - Multifamily,https://eyeonhousing.org/2026/03/multifamily-absorption-rate-remains-below-50/,78,DFP-AE0C2C64AA,45,General Project Signal - General Project Signal - Other / Unknown - Multifamily Absorption Rate Remains Below 50%,General Project Signal - Unknown - Other / Unknown,DCL-20260525-060,1
2026-05-25,20260525-230212-45b2fe12,PRJ-20260525-0086,Disposition / Exit - National - Scion and Ares Acquire $910M Multifamily Student Housing Portfolio from Harrison Street As...,80,2026-05-25 23:02:12,"BTR / Build-to-Rent - National - House Passes BTR-Friendly Housing Bill, But Senate Fight Looms",BTR / Build-to-Rent,BTR / Single-Family Rental,BTR / Single-Family Rental,National,National,Unknown,Unknown,Unknown,Unknown,Unknown,Unknown,Unknown,Unknown,National,,,,,,,,,,,,26,Low Detail Signal,Pipeline / supply signal,"House Passes BTR-Friendly Housing Bill, But Senate Fight Looms",Bisnow,https://www.bisnow.com/national/news/build-to-rent/revised-housing-bill-clears-house-but-faces-senate-hurdle-134659,57,DFP-AC340673FF,55,"BTR / Build-to-Rent - BTR / Build-to-Rent - National - House Passes BTR-Friendly Housing Bill, But Senate Fight Looms",BTR / Build-to-Rent - Unknown - National,DCL-20260525-061,1
2026-05-25,20260525-230212-45b2fe12,PRJ-20260525-0108,"General Project Signal - Other / Unknown - Construction Begins on Second Phase of Luxury Apartment Project in Blue Springs, Missouri",80,2026-05-25 23:02:12,Disposition / Exit - Other / Unknown - NAHB HBGI: Micro Markets Lone Bright Spot for Single-Family Building in Fourth Quarter,Disposition / Exit,Multifamily,Multifamily,Other / Unknown,Unknown,Unknown,Unknown,Unknown,Unknown,Unknown,Unknown,Unknown,Unknown,Other / Unknown,,,,,,,,,,,,26,Low Detail Signal,Monitor only,NAHB HBGI: Micro Markets Lone Bright Spot for Single-Family Building in Fourth Quarter,NAHB Eye on Housing - Multifamily,https://eyeonhousing.org/2026/03/nahb-hbgi-micro-markets-lone-bright-spot-for-single-family-building-in-fourth-quarter/,57,DFP-1563B53CA0,45,Disposition / Exit - Disposition / Exit - Other / Unknown - NAHB HBGI: Micro Markets Lone Bright Spot for Single-Family Building in Fourth Quarter,Disposition / Exit - Unknown - Other / Unknown,DCL-20260525-062,1
